timestamp_iso;device_id;ancien_niveau;nouveau_niveau;grandeur;valeur;unite
2026-07-23T00:47:12.574078;Appareil_001;INITIAL;ORANGE;RSSI;-68.0;dBm
2026-07-23T00:47:12.781036;Appareil_001;ORANGE;VERT;RSSI;-88.0;dBm
2026-07-23T00:47:12.785896;Appareil_002;INITIAL;ORANGE;RSSI;-66.0;dBm
2026-07-23T00:47:12.890904;Appareil_002;ORANGE;VERT;RSSI;-88.0;dBm
2026-07-23T00:47:12.996711;Appareil_001;VERT;ORANGE;RSSI;-68.0;dBm
2026-07-23T00:47:13.001740;Appareil_001;ORANGE;VERT;RSSI;-81.0;dBm
2026-07-23T00:47:13.107108;Appareil_002;VERT;ORANGE;RSSI;-68.0;dBm
2026-07-23T00:47:13.112257;Appareil_002;ORANGE;VERT;RSSI;-79.0;dBm
2026-07-23T00:47:13.218141;Appareil_001;VERT;ORANGE;RSSI;-67.0;dBm
2026-07-23T00:47:13.230031;Appareil_001;ORANGE;VERT;RSSI;-78.0;dBm
2026-07-23T00:47:13.338887;Appareil_001;VERT;ORANGE;RSSI;-69.0;dBm
2026-07-23T00:47:13.344142;Appareil_001;ORANGE;VERT;RSSI;-80.0;dBm
2026-07-23T00:47:13.450934;Appareil_002;VERT;ORANGE;RSSI;-67.0;dBm
2026-07-23T00:47:13.456235;Appareil_002;ORANGE;VERT;RSSI;-84.0;dBm
2026-07-23T00:47:13.562234;Appareil_001;VERT;ORANGE;RSSI;-68.0;dBm
2026-07-23T00:47:13.667909;Appareil_001;ORANGE;VERT;RSSI;-85.0;dBm
2026-07-23T00:47:13.673913;Appareil_001;VERT;ORANGE;RSSI;-66.0;dBm
2026-07-23T00:47:13.885353;Appareil_003;INITIAL;ORANGE;RSSI;-69.0;dBm
2026-07-23T00:47:13.891026;Appareil_001;ORANGE;VERT;RSSI;-75.0;dBm
2026-07-23T00:47:13.996920;Appareil_001;VERT;ORANGE;RSSI;-68.0;dBm
2026-07-23T00:47:14.002695;Appareil_001;ORANGE;VERT;RSSI;-76.0;dBm
2026-07-23T00:47:14.108973;Appareil_001;VERT;ORANGE;RSSI;-68.0;dBm
2026-07-23T00:47:14.114925;Appareil_001;ORANGE;VERT;RSSI;-79.0;dBm
2026-07-23T00:47:14.220928;Appareil_001;VERT;ORANGE;RSSI;-68.0;dBm
2026-07-23T00:47:14.227051;Appareil_001;ORANGE;VERT;RSSI;-87.0;dBm
2026-07-23T00:47:14.233082;Appareil_002;VERT;ORANGE;RSSI;-68.0;dBm
2026-07-23T00:47:14.339469;Appareil_002;ORANGE;VERT;RSSI;-86.0;dBm
2026-07-23T00:47:14.345257;Appareil_001;VERT;ORANGE;RSSI;-69.0;dBm
2026-07-23T00:47:14.350872;Appareil_001;ORANGE;VERT;RSSI;-88.0;dBm
2026-07-23T00:47:14.976745;Appareil_001;VERT;ORANGE;RSSI;-69.0;dBm
2026-07-23T00:47:14.983786;Appareil_001;ORANGE;VERT;RSSI;-87.0;dBm
2026-07-23T00:47:14.989762;Appareil_001;VERT;ORANGE;RSSI;-68.0;dBm
2026-07-23T00:47:15.095866;Appareil_002;VERT;ORANGE;RSSI;-68.0;dBm
2026-07-23T00:47:15.102028;Appareil_002;ORANGE;VERT;RSSI;-87.0;dBm
2026-07-23T00:47:15.215265;Appareil_001;ORANGE;VERT;RSSI;-84.0;dBm
2026-07-23T00:47:15.321494;Appareil_001;VERT;ORANGE;RSSI;-68.0;dBm
2026-07-23T00:47:15.327573;Appareil_001;ORANGE;VERT;RSSI;-83.0;dBm
2026-07-23T00:47:15.433891;Appareil_002;VERT;ORANGE;RSSI;-69.0;dBm
2026-07-23T00:47:15.440477;Appareil_002;ORANGE;VERT;RSSI;-82.0;dBm
2026-07-23T00:47:15.546969;Appareil_001;VERT;ORANGE;RSSI;-68.0;dBm
2026-07-23T00:47:15.556511;Appareil_001;ORANGE;VERT;RSSI;-82.0;dBm
2026-07-23T00:47:15.781089;Appareil_001;VERT;ORANGE;RSSI;-64.0;dBm
2026-07-23T00:47:16.106842;Appareil_002;VERT;ORANGE;RSSI;-60.0;dBm
2026-07-23T00:47:16.641617;Appareil_002;ORANGE;VERT;RSSI;-72.0;dBm
2026-07-23T00:47:16.873947;Appareil_001;ORANGE;VERT;RSSI;-73.0;dBm
2026-07-23T00:47:16.986091;Appareil_001;VERT;ORANGE;RSSI;-66.0;dBm
2026-07-23T00:47:17.095761;Appareil_002;VERT;ORANGE;RSSI;-58.0;dBm
2026-07-23T00:47:17.430895;Appareil_001;ORANGE;VERT;RSSI;-72.0;dBm
2026-07-23T00:47:17.540398;Appareil_001;VERT;ORANGE;RSSI;-58.0;dBm
2026-07-23T00:47:17.551127;Appareil_001;ORANGE;VERT;RSSI;-71.0;dBm
2026-07-23T00:47:17.760814;Appareil_002;ORANGE;ROUGE;RSSI;-55.0;dBm
2026-07-23T00:47:17.774180;Appareil_002;ROUGE;ORANGE;RSSI;-58.0;dBm
2026-07-23T00:47:17.901688;Appareil_001;VERT;ROUGE;RSSI;-55.0;dBm
2026-07-23T00:47:17.916672;Appareil_001;ROUGE;ORANGE;RSSI;-58.0;dBm
2026-07-23T00:47:18.188352;Appareil_002;ORANGE;ROUGE;RSSI;-55.0;dBm
2026-07-23T00:47:18.196831;Appareil_002;ROUGE;ORANGE;RSSI;-60.0;dBm
2026-07-23T00:47:18.393397;Appareil_001;ORANGE;ROUGE;RSSI;-55.0;dBm
2026-07-23T00:47:18.406249;Appareil_001;ROUGE;ORANGE;RSSI;-60.0;dBm
2026-07-23T00:47:18.415291;Appareil_001;ORANGE;ROUGE;RSSI;-55.0;dBm
2026-07-23T00:47:18.422412;Appareil_001;ROUGE;ORANGE;RSSI;-60.0;dBm
2026-07-23T00:47:19.173786;Appareil_002;ORANGE;ROUGE;RSSI;-55.0;dBm
2026-07-23T00:47:19.184825;Appareil_002;ROUGE;ORANGE;RSSI;-62.0;dBm
2026-07-23T00:47:19.301867;Appareil_001;ORANGE;ROUGE;RSSI;-55.0;dBm
2026-07-23T00:47:19.308953;Appareil_001;ROUGE;ORANGE;RSSI;-62.0;dBm
2026-07-23T00:47:19.439942;Appareil_001;ORANGE;ROUGE;RSSI;-55.0;dBm
2026-07-23T00:47:19.448852;Appareil_001;ROUGE;ORANGE;RSSI;-62.0;dBm
2026-07-23T00:47:19.676609;Appareil_001;ORANGE;ROUGE;RSSI;-55.0;dBm
2026-07-23T00:47:19.685865;Appareil_001;ROUGE;ORANGE;RSSI;-61.0;dBm
2026-07-23T00:47:19.906633;Appareil_002;ORANGE;ROUGE;RSSI;-55.0;dBm
2026-07-23T00:47:19.913425;Appareil_002;ROUGE;ORANGE;RSSI;-62.0;dBm
2026-07-23T00:47:20.078394;Appareil_001;ORANGE;ROUGE;RSSI;-55.0;dBm
2026-07-23T00:47:20.087063;Appareil_001;ROUGE;ORANGE;RSSI;-62.0;dBm
2026-07-23T00:47:20.196390;Appareil_001;ORANGE;ROUGE;RSSI;-55.0;dBm
2026-07-23T00:47:20.203485;Appareil_001;ROUGE;ORANGE;RSSI;-62.0;dBm
2026-07-23T00:47:20.317656;Appareil_002;ORANGE;ROUGE;RSSI;-55.0;dBm
2026-07-23T00:47:20.327591;Appareil_002;ROUGE;ORANGE;RSSI;-62.0;dBm
2026-07-23T00:47:20.445865;Appareil_001;ORANGE;ROUGE;RSSI;-55.0;dBm
2026-07-23T00:47:20.453084;Appareil_001;ROUGE;ORANGE;RSSI;-60.0;dBm
2026-07-23T00:47:20.464291;Appareil_001;ORANGE;ROUGE;RSSI;-55.0;dBm
2026-07-23T00:47:20.472036;Appareil_001;ROUGE;ORANGE;RSSI;-60.0;dBm
2026-07-23T00:47:20.581508;Appareil_002;ORANGE;ROUGE;RSSI;-55.0;dBm
2026-07-23T00:47:20.589049;Appareil_002;ROUGE;ORANGE;RSSI;-60.0;dBm
2026-07-23T00:47:20.739733;Appareil_001;ORANGE;ROUGE;RSSI;-54.0;dBm
2026-07-23T00:47:20.756442;Appareil_001;ROUGE;ORANGE;RSSI;-59.0;dBm
2026-07-23T00:47:20.767605;Appareil_001;ORANGE;ROUGE;RSSI;-54.0;dBm
2026-07-23T00:47:20.875529;Appareil_001;ROUGE;ORANGE;RSSI;-59.0;dBm
2026-07-23T00:47:20.884916;Appareil_002;ORANGE;ROUGE;RSSI;-53.0;dBm
2026-07-23T00:47:20.992825;Appareil_002;ROUGE;ORANGE;RSSI;-58.0;dBm
2026-07-23T00:47:21.141680;Appareil_001;ORANGE;ROUGE;RSSI;-53.0;dBm
2026-07-23T00:47:21.159176;Appareil_001;ROUGE;ORANGE;RSSI;-57.0;dBm
2026-07-23T00:47:21.168461;Appareil_001;ORANGE;ROUGE;RSSI;-53.0;dBm
2026-07-23T00:47:21.182033;Appareil_001;ROUGE;ORANGE;RSSI;-58.0;dBm
2026-07-23T00:47:21.291309;Appareil_002;ORANGE;ROUGE;RSSI;-52.0;dBm
2026-07-23T00:47:21.299240;Appareil_002;ROUGE;ORANGE;RSSI;-58.0;dBm
2026-07-23T00:47:21.517314;Appareil_001;ORANGE;ROUGE;RSSI;-53.0;dBm
2026-07-23T00:47:21.530332;Appareil_001;ROUGE;ORANGE;RSSI;-58.0;dBm
2026-07-23T00:47:21.780635;Appareil_001;ORANGE;ROUGE;RSSI;-53.0;dBm
2026-07-23T00:47:21.896107;Appareil_001;ROUGE;ORANGE;RSSI;-57.0;dBm
2026-07-23T00:47:21.904991;Appareil_001;ORANGE;ROUGE;RSSI;-52.0;dBm
2026-07-23T00:47:22.022178;Appareil_001;ROUGE;ORANGE;RSSI;-57.0;dBm
2026-07-23T00:47:22.034623;Appareil_002;ORANGE;ROUGE;RSSI;-52.0;dBm
2026-07-23T00:47:22.043885;Appareil_002;ROUGE;ORANGE;RSSI;-57.0;dBm
2026-07-23T00:47:22.157433;Appareil_001;ORANGE;ROUGE;RSSI;-53.0;dBm
2026-07-23T00:47:22.270862;Appareil_001;ROUGE;ORANGE;RSSI;-58.0;dBm
2026-07-23T00:47:22.280190;Appareil_001;ORANGE;ROUGE;RSSI;-53.0;dBm
2026-07-23T00:47:22.412605;Appareil_001;ROUGE;ORANGE;RSSI;-58.0;dBm
2026-07-23T00:47:22.428675;Appareil_002;ORANGE;ROUGE;RSSI;-51.0;dBm
2026-07-23T00:47:22.439096;Appareil_002;ROUGE;ORANGE;RSSI;-58.0;dBm
2026-07-23T00:47:22.554265;Appareil_001;ORANGE;ROUGE;RSSI;-53.0;dBm
2026-07-23T00:47:22.568028;Appareil_001;ROUGE;ORANGE;RSSI;-58.0;dBm
2026-07-23T00:47:22.678273;Appareil_001;ORANGE;ROUGE;RSSI;-52.0;dBm
2026-07-23T00:47:22.688218;Appareil_001;ROUGE;ORANGE;RSSI;-58.0;dBm
2026-07-23T00:47:22.800199;Appareil_002;ORANGE;ROUGE;RSSI;-51.0;dBm
2026-07-23T00:47:22.808757;Appareil_002;ROUGE;ORANGE;RSSI;-57.0;dBm
2026-07-23T00:47:22.820993;Appareil_001;ORANGE;ROUGE;RSSI;-51.0;dBm
2026-07-23T00:47:22.961222;Appareil_002;ORANGE;ROUGE;RSSI;-55.0;dBm
2026-07-23T00:47:23.222669;Appareil_002;ROUGE;ORANGE;RSSI;-56.0;dBm
2026-07-23T00:47:23.355056;Appareil_001;ROUGE;ORANGE;RSSI;-56.0;dBm
2026-07-23T00:47:23.469837;Appareil_001;ORANGE;ROUGE;RSSI;-51.0;dBm
2026-07-23T00:47:23.488205;Appareil_002;ORANGE;ROUGE;RSSI;-51.0;dBm
2026-07-23T00:47:23.596799;Appareil_002;ROUGE;ORANGE;RSSI;-56.0;dBm
2026-07-23T00:47:23.756024;Appareil_001;ROUGE;ORANGE;RSSI;-56.0;dBm
2026-07-23T00:47:23.768982;Appareil_001;ORANGE;ROUGE;RSSI;-51.0;dBm
2026-07-23T00:47:23.780508;Appareil_001;ROUGE;ORANGE;RSSI;-57.0;dBm
2026-07-23T00:47:23.792780;Appareil_002;ORANGE;ROUGE;RSSI;-50.0;dBm
2026-07-23T00:47:23.808805;Appareil_001;ORANGE;ROUGE;RSSI;-51.0;dBm
2026-07-23T00:47:23.943230;Appareil_001;ROUGE;ORANGE;RSSI;-57.0;dBm
2026-07-23T00:47:23.954744;Appareil_001;ORANGE;ROUGE;RSSI;-51.0;dBm
2026-07-23T00:47:23.972708;Appareil_001;ROUGE;ORANGE;RSSI;-56.0;dBm
2026-07-23T00:47:24.089493;Appareil_002;ROUGE;ORANGE;RSSI;-56.0;dBm
2026-07-23T00:47:24.202970;Appareil_001;ORANGE;ROUGE;RSSI;-51.0;dBm
2026-07-23T00:47:24.220470;Appareil_001;ROUGE;ORANGE;RSSI;-57.0;dBm
2026-07-23T00:47:24.231992;Appareil_001;ORANGE;ROUGE;RSSI;-51.0;dBm
2026-07-23T00:47:24.350503;Appareil_001;ROUGE;ORANGE;RSSI;-56.0;dBm
2026-07-23T00:47:24.464294;Appareil_002;ORANGE;ROUGE;RSSI;-51.0;dBm
2026-07-23T00:47:24.611648;Appareil_001;ORANGE;ROUGE;RSSI;-51.0;dBm
2026-07-23T00:47:24.741742;Appareil_002;ROUGE;ORANGE;RSSI;-56.0;dBm
2026-07-23T00:47:24.771221;Appareil_001;ROUGE;ORANGE;RSSI;-56.0;dBm
2026-07-23T00:47:24.781763;Appareil_001;ORANGE;ROUGE;RSSI;-51.0;dBm
2026-07-23T00:47:24.791000;Appareil_001;ROUGE;ORANGE;RSSI;-56.0;dBm
2026-07-23T00:47:24.801638;Appareil_002;ORANGE;ROUGE;RSSI;-50.0;dBm
2026-07-23T00:47:24.822638;Appareil_001;ORANGE;ROUGE;RSSI;-51.0;dBm
2026-07-23T00:47:24.961868;Appareil_002;ROUGE;ORANGE;RSSI;-56.0;dBm
2026-07-23T00:47:25.118602;Appareil_001;ROUGE;ORANGE;RSSI;-56.0;dBm
2026-07-23T00:47:25.229907;Appareil_001;ORANGE;ROUGE;RSSI;-51.0;dBm
2026-07-23T00:47:25.249072;Appareil_001;ROUGE;ORANGE;RSSI;-57.0;dBm
2026-07-23T00:47:25.362523;Appareil_002;ORANGE;ROUGE;RSSI;-51.0;dBm
2026-07-23T00:47:25.372447;Appareil_002;ROUGE;ORANGE;RSSI;-57.0;dBm
2026-07-23T00:47:25.518748;Appareil_001;ORANGE;ROUGE;RSSI;-51.0;dBm
2026-07-23T00:47:25.532271;Appareil_001;ROUGE;ORANGE;RSSI;-57.0;dBm
2026-07-23T00:47:25.544546;Appareil_001;ORANGE;ROUGE;RSSI;-51.0;dBm
2026-07-23T00:47:25.564634;Appareil_001;ROUGE;ORANGE;RSSI;-57.0;dBm
2026-07-23T00:47:25.791313;Appareil_001;ORANGE;ROUGE;RSSI;-51.0;dBm
2026-07-23T00:47:25.800849;Appareil_001;ROUGE;ORANGE;RSSI;-58.0;dBm
2026-07-23T00:47:25.811079;Appareil_001;ORANGE;ROUGE;RSSI;-51.0;dBm
2026-07-23T00:47:25.943325;Appareil_001;ROUGE;ORANGE;RSSI;-58.0;dBm
2026-07-23T00:47:25.957252;Appareil_002;ORANGE;ROUGE;RSSI;-50.0;dBm
2026-07-23T00:47:25.968482;Appareil_002;ROUGE;ORANGE;RSSI;-56.0;dBm
2026-07-23T00:47:26.185462;Appareil_001;ORANGE;ROUGE;RSSI;-51.0;dBm
2026-07-23T00:47:26.343171;Appareil_001;ROUGE;ORANGE;RSSI;-56.0;dBm
2026-07-23T00:47:26.357736;Appareil_002;ORANGE;ROUGE;RSSI;-50.0;dBm
2026-07-23T00:47:26.369727;Appareil_002;ROUGE;ORANGE;RSSI;-56.0;dBm
2026-07-23T00:47:26.484932;Appareil_001;ORANGE;ROUGE;RSSI;-51.0;dBm
2026-07-23T00:47:26.601790;Appareil_001;ROUGE;ORANGE;RSSI;-56.0;dBm
2026-07-23T00:47:26.611797;Appareil_001;ORANGE;ROUGE;RSSI;-51.0;dBm
2026-07-23T00:47:26.627856;Appareil_001;ROUGE;ORANGE;RSSI;-57.0;dBm
2026-07-23T00:47:26.753882;Appareil_002;ORANGE;ROUGE;RSSI;-51.0;dBm
2026-07-23T00:47:26.767216;Appareil_002;ROUGE;ORANGE;RSSI;-58.0;dBm
2026-07-23T00:47:26.884392;Appareil_001;ORANGE;ROUGE;RSSI;-52.0;dBm
2026-07-23T00:47:26.901861;Appareil_001;ROUGE;ORANGE;RSSI;-57.0;dBm
2026-07-23T00:47:27.013736;Appareil_001;ORANGE;ROUGE;RSSI;-51.0;dBm
2026-07-23T00:47:27.023797;Appareil_001;ROUGE;ORANGE;RSSI;-58.0;dBm
2026-07-23T00:47:27.162566;Appareil_002;ORANGE;ROUGE;RSSI;-51.0;dBm
2026-07-23T00:47:27.186717;Appareil_002;ROUGE;ORANGE;RSSI;-57.0;dBm
2026-07-23T00:47:27.308230;Appareil_001;ORANGE;ROUGE;RSSI;-50.0;dBm
2026-07-23T00:47:27.435119;Appareil_001;ROUGE;ORANGE;RSSI;-58.0;dBm
2026-07-23T00:47:27.449156;Appareil_001;ORANGE;ROUGE;RSSI;-50.0;dBm
2026-07-23T00:47:27.470231;Appareil_001;ROUGE;ORANGE;RSSI;-58.0;dBm
2026-07-23T00:47:27.616549;Appareil_002;ORANGE;ROUGE;RSSI;-51.0;dBm
2026-07-23T00:47:27.637963;Appareil_002;ROUGE;ORANGE;RSSI;-56.0;dBm
2026-07-23T00:47:27.754536;Appareil_001;ORANGE;ROUGE;RSSI;-55.0;dBm
2026-07-23T00:47:27.764435;Appareil_001;ROUGE;ORANGE;RSSI;-56.0;dBm
2026-07-23T00:47:27.882390;Appareil_001;ORANGE;ROUGE;RSSI;-55.0;dBm
2026-07-23T00:47:27.899764;Appareil_001;ROUGE;ORANGE;RSSI;-61.0;dBm
2026-07-23T00:47:28.034120;Appareil_002;ORANGE;ROUGE;RSSI;-55.0;dBm
2026-07-23T00:47:28.048171;Appareil_002;ROUGE;ORANGE;RSSI;-58.0;dBm
2026-07-23T00:47:28.184509;Appareil_001;ORANGE;ROUGE;RSSI;-55.0;dBm
2026-07-23T00:47:28.201694;Appareil_001;ROUGE;ORANGE;RSSI;-62.0;dBm
2026-07-23T00:47:28.491297;Appareil_001;ORANGE;VERT;RSSI;-72.0;dBm
2026-07-23T00:47:28.504646;Appareil_001;VERT;ORANGE;RSSI;-62.0;dBm
2026-07-23T00:47:28.909882;Appareil_002;ORANGE;VERT;RSSI;-74.0;dBm
2026-07-23T00:47:29.037036;Appareil_001;ORANGE;ROUGE;RSSI;-53.0;dBm
2026-07-23T00:47:29.156060;Appareil_001;ROUGE;ORANGE;RSSI;-61.0;dBm
2026-07-23T00:47:29.167063;Appareil_001;ORANGE;ROUGE;RSSI;-52.0;dBm
2026-07-23T00:47:29.186249;Appareil_001;ROUGE;ORANGE;RSSI;-62.0;dBm
2026-07-23T00:47:29.317172;Appareil_002;VERT;ROUGE;RSSI;-49.0;dBm
2026-07-23T00:47:29.449494;Appareil_001;ORANGE;ROUGE;RSSI;-51.0;dBm
2026-07-23T00:47:29.750422;Appareil_002;ROUGE;ORANGE;RSSI;-57.0;dBm
2026-07-23T00:47:30.158945;Appareil_002;ORANGE;ROUGE;RSSI;-45.0;dBm
2026-07-23T00:47:36.127370;Appareil_002;ROUGE;ORANGE;RSSI;-57.0;dBm
2026-07-23T00:47:36.247220;Appareil_001;ROUGE;ORANGE;RSSI;-58.0;dBm
2026-07-23T00:47:36.260384;Appareil_001;ORANGE;ROUGE;RSSI;-55.0;dBm
2026-07-23T00:47:36.285085;Appareil_001;ROUGE;ORANGE;RSSI;-58.0;dBm
2026-07-23T00:47:36.298441;Appareil_001;ORANGE;ROUGE;RSSI;-55.0;dBm
2026-07-23T00:47:36.577483;Appareil_002;ORANGE;ROUGE;RSSI;-51.0;dBm
2026-07-23T00:47:36.604738;Appareil_002;ROUGE;ORANGE;RSSI;-58.0;dBm
2026-07-23T00:47:36.721066;Appareil_001;ROUGE;ORANGE;RSSI;-56.0;dBm
2026-07-23T00:47:36.877440;Appareil_001;ORANGE;ROUGE;RSSI;-49.0;dBm
2026-07-23T00:47:36.894802;Appareil_001;ROUGE;ORANGE;RSSI;-56.0;dBm
2026-07-23T00:47:37.012591;Appareil_002;ORANGE;ROUGE;RSSI;-47.0;dBm
2026-07-23T00:47:37.141644;Appareil_001;ORANGE;ROUGE;RSSI;-49.0;dBm
2026-07-23T00:47:37.357978;Appareil_002;ROUGE;ORANGE;RSSI;-56.0;dBm
2026-07-23T00:47:37.518549;Appareil_001;ROUGE;ORANGE;RSSI;-56.0;dBm
2026-07-23T00:47:37.537627;Appareil_001;ORANGE;ROUGE;RSSI;-53.0;dBm
2026-07-23T00:47:37.678282;Appareil_002;ORANGE;ROUGE;RSSI;-51.0;dBm
2026-07-23T00:47:38.624421;Appareil_001;ROUGE;ORANGE;RSSI;-63.0;dBm
2026-07-23T00:47:38.658038;Appareil_001;ORANGE;ROUGE;RSSI;-53.0;dBm
2026-07-23T00:47:38.777403;Appareil_001;ROUGE;ORANGE;RSSI;-68.0;dBm
2026-07-23T00:47:38.802783;Appareil_001;ORANGE;ROUGE;RSSI;-51.0;dBm
2026-07-23T00:47:38.918814;Appareil_002;ROUGE;ORANGE;RSSI;-58.0;dBm
2026-07-23T00:47:38.936002;Appareil_002;ORANGE;ROUGE;RSSI;-51.0;dBm
2026-07-23T00:47:39.073382;Appareil_001;ROUGE;ORANGE;RSSI;-63.0;dBm
2026-07-23T00:47:39.104894;Appareil_001;ORANGE;ROUGE;RSSI;-51.0;dBm
2026-07-23T00:47:39.224603;Appareil_001;ROUGE;ORANGE;RSSI;-63.0;dBm
2026-07-23T00:47:39.248668;Appareil_001;ORANGE;ROUGE;RSSI;-51.0;dBm
2026-07-23T00:47:39.366839;Appareil_002;ROUGE;ORANGE;RSSI;-63.0;dBm
2026-07-23T00:47:39.392745;Appareil_002;ORANGE;ROUGE;RSSI;-51.0;dBm
2026-07-23T00:47:39.528581;Appareil_001;ROUGE;ORANGE;RSSI;-64.0;dBm
2026-07-23T00:47:39.564693;Appareil_001;ORANGE;ROUGE;RSSI;-51.0;dBm
2026-07-23T00:47:39.727861;Appareil_001;ROUGE;ORANGE;RSSI;-57.0;dBm
2026-07-23T00:47:39.744404;Appareil_001;ORANGE;ROUGE;RSSI;-51.0;dBm
2026-07-23T00:47:39.761441;Appareil_002;ROUGE;ORANGE;RSSI;-56.0;dBm
2026-07-23T00:47:39.775387;Appareil_002;ORANGE;ROUGE;RSSI;-51.0;dBm
2026-07-23T00:47:39.893584;Appareil_001;ROUGE;ORANGE;RSSI;-64.0;dBm
2026-07-23T00:47:40.019168;Appareil_001;ORANGE;ROUGE;RSSI;-51.0;dBm
2026-07-23T00:47:40.144253;Appareil_001;ROUGE;ORANGE;RSSI;-56.0;dBm
2026-07-23T00:47:40.164646;Appareil_001;ORANGE;ROUGE;RSSI;-51.0;dBm
2026-07-23T00:47:40.184743;Appareil_002;ROUGE;ORANGE;RSSI;-57.0;dBm
2026-07-23T00:47:40.303874;Appareil_002;ORANGE;ROUGE;RSSI;-51.0;dBm
2026-07-23T00:47:40.548027;Appareil_001;ROUGE;ORANGE;RSSI;-64.0;dBm
2026-07-23T00:47:40.586366;Appareil_001;ORANGE;ROUGE;RSSI;-51.0;dBm
2026-07-23T00:47:40.601641;Appareil_001;ROUGE;ORANGE;RSSI;-64.0;dBm
2026-07-23T00:47:40.627964;Appareil_001;ORANGE;ROUGE;RSSI;-51.0;dBm
2026-07-23T00:47:40.643970;Appareil_002;ROUGE;ORANGE;RSSI;-57.0;dBm
2026-07-23T00:47:40.658851;Appareil_002;ORANGE;ROUGE;RSSI;-51.0;dBm
2026-07-23T00:47:40.899683;Appareil_001;ROUGE;ORANGE;RSSI;-63.0;dBm
2026-07-23T00:47:40.925458;Appareil_001;ORANGE;ROUGE;RSSI;-51.0;dBm
2026-07-23T00:47:41.042812;Appareil_002;ROUGE;ORANGE;RSSI;-56.0;dBm
2026-07-23T00:47:41.057670;Appareil_002;ORANGE;ROUGE;RSSI;-51.0;dBm
2026-07-23T00:47:41.308211;Appareil_001;ROUGE;ORANGE;RSSI;-63.0;dBm
2026-07-23T00:47:41.334634;Appareil_001;ORANGE;ROUGE;RSSI;-51.0;dBm
2026-07-23T00:47:41.349930;Appareil_001;ROUGE;ORANGE;RSSI;-64.0;dBm
2026-07-23T00:47:41.377982;Appareil_001;ORANGE;ROUGE;RSSI;-51.0;dBm
2026-07-23T00:47:41.495631;Appareil_002;ROUGE;ORANGE;RSSI;-58.0;dBm
2026-07-23T00:47:41.510352;Appareil_002;ORANGE;ROUGE;RSSI;-51.0;dBm
2026-07-23T00:47:41.755374;Appareil_001;ROUGE;ORANGE;RSSI;-63.0;dBm
2026-07-23T00:47:41.782952;Appareil_001;ORANGE;ROUGE;RSSI;-51.0;dBm
2026-07-23T00:47:41.798501;Appareil_001;ROUGE;ORANGE;RSSI;-63.0;dBm
2026-07-23T00:47:41.826472;Appareil_001;ORANGE;ROUGE;RSSI;-51.0;dBm
2026-07-23T00:47:41.943500;Appareil_002;ROUGE;ORANGE;RSSI;-56.0;dBm
2026-07-23T00:47:41.960044;Appareil_002;ORANGE;ROUGE;RSSI;-51.0;dBm
2026-07-23T00:47:42.103621;Appareil_001;ROUGE;ORANGE;RSSI;-63.0;dBm
2026-07-23T00:47:42.239024;Appareil_001;ORANGE;ROUGE;RSSI;-51.0;dBm
2026-07-23T00:47:42.254368;Appareil_001;ROUGE;ORANGE;RSSI;-64.0;dBm
2026-07-23T00:47:42.281274;Appareil_001;ORANGE;ROUGE;RSSI;-51.0;dBm
2026-07-23T00:47:42.398883;Appareil_002;ROUGE;ORANGE;RSSI;-57.0;dBm
2026-07-23T00:47:42.414560;Appareil_002;ORANGE;ROUGE;RSSI;-51.0;dBm
2026-07-23T00:47:42.559189;Appareil_001;ROUGE;ORANGE;RSSI;-64.0;dBm
2026-07-23T00:47:42.590360;Appareil_001;ORANGE;ROUGE;RSSI;-51.0;dBm
2026-07-23T00:47:42.605680;Appareil_001;ROUGE;ORANGE;RSSI;-63.0;dBm
2026-07-23T00:47:42.776458;Appareil_001;ORANGE;ROUGE;RSSI;-51.0;dBm
2026-07-23T00:47:42.798756;Appareil_002;ROUGE;ORANGE;RSSI;-57.0;dBm
2026-07-23T00:47:42.813856;Appareil_002;ORANGE;ROUGE;RSSI;-51.0;dBm
2026-07-23T00:47:42.972982;Appareil_001;ROUGE;ORANGE;RSSI;-63.0;dBm
2026-07-23T00:47:43.006965;Appareil_001;ORANGE;ROUGE;RSSI;-51.0;dBm
2026-07-23T00:47:43.021877;Appareil_001;ROUGE;ORANGE;RSSI;-64.0;dBm
2026-07-23T00:47:43.193730;Appareil_001;ORANGE;ROUGE;RSSI;-51.0;dBm
2026-07-23T00:47:43.215612;Appareil_002;ROUGE;ORANGE;RSSI;-57.0;dBm
2026-07-23T00:47:43.230074;Appareil_002;ORANGE;ROUGE;RSSI;-51.0;dBm
2026-07-23T00:47:43.382932;Appareil_001;ROUGE;ORANGE;RSSI;-57.0;dBm
2026-07-23T00:47:43.402630;Appareil_001;ORANGE;ROUGE;RSSI;-51.0;dBm
2026-07-23T00:47:43.423729;Appareil_001;ROUGE;ORANGE;RSSI;-57.0;dBm
2026-07-23T00:47:43.440966;Appareil_001;ORANGE;ROUGE;RSSI;-51.0;dBm
2026-07-23T00:47:43.721171;Appareil_001;ROUGE;ORANGE;RSSI;-63.0;dBm
2026-07-23T00:47:43.750220;Appareil_001;ORANGE;ROUGE;RSSI;-51.0;dBm
2026-07-23T00:47:43.873706;Appareil_001;ROUGE;ORANGE;RSSI;-57.0;dBm
2026-07-23T00:47:43.889091;Appareil_001;ORANGE;ROUGE;RSSI;-51.0;dBm
2026-07-23T00:47:43.905915;Appareil_002;ROUGE;ORANGE;RSSI;-63.0;dBm
2026-07-23T00:47:43.934998;Appareil_002;ORANGE;ROUGE;RSSI;-51.0;dBm
2026-07-23T00:47:44.182284;Appareil_001;ROUGE;ORANGE;RSSI;-63.0;dBm
2026-07-23T00:47:44.211911;Appareil_001;ORANGE;ROUGE;RSSI;-51.0;dBm
2026-07-23T00:47:44.327921;Appareil_001;ROUGE;ORANGE;RSSI;-57.0;dBm
2026-07-23T00:47:44.344862;Appareil_001;ORANGE;ROUGE;RSSI;-51.0;dBm
2026-07-23T00:47:44.360897;Appareil_002;ROUGE;ORANGE;RSSI;-63.0;dBm
2026-07-23T00:47:44.390038;Appareil_002;ORANGE;ROUGE;RSSI;-51.0;dBm
2026-07-23T00:47:44.641990;Appareil_001;ROUGE;ORANGE;RSSI;-57.0;dBm
2026-07-23T00:47:44.658182;Appareil_001;ORANGE;ROUGE;RSSI;-51.0;dBm
2026-07-23T00:47:44.674037;Appareil_001;ROUGE;ORANGE;RSSI;-62.0;dBm
2026-07-23T00:47:44.703118;Appareil_001;ORANGE;ROUGE;RSSI;-51.0;dBm
2026-07-23T00:47:44.819555;Appareil_002;ROUGE;ORANGE;RSSI;-63.0;dBm
2026-07-23T00:47:44.848626;Appareil_002;ORANGE;ROUGE;RSSI;-51.0;dBm
2026-07-23T00:47:44.986289;Appareil_001;ROUGE;ORANGE;RSSI;-57.0;dBm
2026-07-23T00:47:45.006620;Appareil_001;ORANGE;ROUGE;RSSI;-51.0;dBm
2026-07-23T00:47:45.024754;Appareil_001;ROUGE;ORANGE;RSSI;-68.0;dBm
2026-07-23T00:47:45.157126;Appareil_001;ORANGE;ROUGE;RSSI;-51.0;dBm
2026-07-23T00:47:45.277944;Appareil_002;ROUGE;ORANGE;RSSI;-63.0;dBm
2026-07-23T00:47:45.307300;Appareil_002;ORANGE;ROUGE;RSSI;-51.0;dBm
2026-07-23T00:47:45.444306;Appareil_001;ROUGE;ORANGE;RSSI;-62.0;dBm
2026-07-23T00:47:45.484454;Appareil_001;ORANGE;ROUGE;RSSI;-51.0;dBm
2026-07-23T00:47:45.504031;Appareil_001;ROUGE;ORANGE;RSSI;-56.0;dBm
2026-07-23T00:47:45.520149;Appareil_001;ORANGE;ROUGE;RSSI;-51.0;dBm
2026-07-23T00:47:45.654443;Appareil_002;ROUGE;ORANGE;RSSI;-56.0;dBm
2026-07-23T00:47:45.674952;Appareil_002;ORANGE;ROUGE;RSSI;-51.0;dBm
2026-07-23T00:47:45.799796;Appareil_001;ROUGE;ORANGE;RSSI;-62.0;dBm
2026-07-23T00:47:45.828601;Appareil_001;ORANGE;ROUGE;RSSI;-51.0;dBm
2026-07-23T00:47:45.946917;Appareil_001;ROUGE;ORANGE;RSSI;-57.0;dBm
2026-07-23T00:47:45.963102;Appareil_001;ORANGE;ROUGE;RSSI;-51.0;dBm
2026-07-23T00:47:46.110569;Appareil_002;ROUGE;ORANGE;RSSI;-63.0;dBm
2026-07-23T00:47:46.150689;Appareil_002;ORANGE;ROUGE;RSSI;-51.0;dBm
2026-07-23T00:47:46.172984;Appareil_001;ROUGE;ORANGE;RSSI;-63.0;dBm
2026-07-23T00:47:46.205272;Appareil_001;ORANGE;ROUGE;RSSI;-51.0;dBm
2026-07-23T00:47:46.221888;Appareil_001;ROUGE;ORANGE;RSSI;-63.0;dBm
2026-07-23T00:47:46.253470;Appareil_001;ORANGE;ROUGE;RSSI;-51.0;dBm
2026-07-23T00:47:46.376192;Appareil_002;ROUGE;ORANGE;RSSI;-63.0;dBm
2026-07-23T00:47:46.394980;Appareil_002;ORANGE;ROUGE;RSSI;-51.0;dBm
2026-07-23T00:47:46.535986;Appareil_001;ROUGE;ORANGE;RSSI;-63.0;dBm
2026-07-23T00:47:46.574902;Appareil_001;ORANGE;ROUGE;RSSI;-51.0;dBm
2026-07-23T00:47:46.591662;Appareil_001;ROUGE;ORANGE;RSSI;-62.0;dBm
2026-07-23T00:47:46.622959;Appareil_001;ORANGE;ROUGE;RSSI;-51.0;dBm
2026-07-23T00:47:46.758039;Appareil_002;ROUGE;ORANGE;RSSI;-56.0;dBm
2026-07-23T00:47:46.778588;Appareil_002;ORANGE;ROUGE;RSSI;-51.0;dBm
2026-07-23T00:47:46.903962;Appareil_001;ROUGE;ORANGE;RSSI;-63.0;dBm
2026-07-23T00:47:47.036243;Appareil_001;ORANGE;ROUGE;RSSI;-51.0;dBm
2026-07-23T00:47:47.052392;Appareil_001;ROUGE;ORANGE;RSSI;-63.0;dBm
2026-07-23T00:47:47.084453;Appareil_001;ORANGE;ROUGE;RSSI;-51.0;dBm
2026-07-23T00:47:47.224922;Appareil_002;ROUGE;ORANGE;RSSI;-62.0;dBm
2026-07-23T00:47:47.246571;Appareil_001;ROUGE;ORANGE;RSSI;-57.0;dBm
2026-07-23T00:47:47.366002;Appareil_001;ORANGE;ROUGE;RSSI;-51.0;dBm
2026-07-23T00:47:47.383313;Appareil_001;ROUGE;ORANGE;RSSI;-62.0;dBm
2026-07-23T00:47:47.414596;Appareil_001;ORANGE;ROUGE;RSSI;-51.0;dBm
2026-07-23T00:47:47.566264;Appareil_002;ORANGE;ROUGE;RSSI;-51.0;dBm
2026-07-23T00:47:47.706211;Appareil_001;ROUGE;ORANGE;RSSI;-63.0;dBm
2026-07-23T00:47:47.746616;Appareil_001;ORANGE;ROUGE;RSSI;-51.0;dBm
2026-07-23T00:47:47.763153;Appareil_001;ROUGE;ORANGE;RSSI;-63.0;dBm
2026-07-23T00:47:47.795712;Appareil_001;ORANGE;ROUGE;RSSI;-51.0;dBm
2026-07-23T00:47:47.935749;Appareil_002;ROUGE;ORANGE;RSSI;-57.0;dBm
2026-07-23T00:47:47.957320;Appareil_002;ORANGE;ROUGE;RSSI;-51.0;dBm
2026-07-23T00:47:48.081996;Appareil_001;ROUGE;ORANGE;RSSI;-63.0;dBm
2026-07-23T00:47:48.115510;Appareil_001;ORANGE;ROUGE;RSSI;-51.0;dBm
2026-07-23T00:47:48.132870;Appareil_001;ROUGE;ORANGE;RSSI;-63.0;dBm
2026-07-23T00:47:48.163554;Appareil_001;ORANGE;ROUGE;RSSI;-51.0;dBm
2026-07-23T00:47:48.287942;Appareil_002;ROUGE;ORANGE;RSSI;-57.0;dBm
2026-07-23T00:47:48.439948;Appareil_002;ORANGE;ROUGE;RSSI;-51.0;dBm
2026-07-23T00:47:48.567113;Appareil_001;ROUGE;VERT;RSSI;-72.0;dBm
2026-07-23T00:47:48.586252;Appareil_001;VERT;ORANGE;RSSI;-58.0;dBm
2026-07-23T00:47:48.604319;Appareil_001;ORANGE;ROUGE;RSSI;-51.0;dBm
2026-07-23T00:47:48.623099;Appareil_001;ROUGE;ORANGE;RSSI;-66.0;dBm
2026-07-23T00:47:48.655576;Appareil_001;ORANGE;ROUGE;RSSI;-51.0;dBm
2026-07-23T00:47:48.775698;Appareil_002;ROUGE;ORANGE;RSSI;-56.0;dBm
2026-07-23T00:47:48.793439;Appareil_002;ORANGE;ROUGE;RSSI;-51.0;dBm
2026-07-23T00:47:48.815569;Appareil_001;ROUGE;ORANGE;RSSI;-63.0;dBm
2026-07-23T00:47:48.963842;Appareil_001;ORANGE;ROUGE;RSSI;-51.0;dBm
2026-07-23T00:47:48.986331;Appareil_001;ROUGE;ORANGE;RSSI;-64.0;dBm
2026-07-23T00:47:49.026667;Appareil_001;ORANGE;ROUGE;RSSI;-51.0;dBm
2026-07-23T00:47:49.049659;Appareil_002;ROUGE;ORANGE;RSSI;-63.0;dBm
2026-07-23T00:47:49.210069;Appareil_002;ORANGE;ROUGE;RSSI;-51.0;dBm
2026-07-23T00:47:49.236809;Appareil_001;ROUGE;ORANGE;RSSI;-63.0;dBm
2026-07-23T00:47:49.413199;Appareil_001;ORANGE;ROUGE;RSSI;-51.0;dBm
2026-07-23T00:47:49.437524;Appareil_001;ROUGE;ORANGE;RSSI;-64.0;dBm
2026-07-23T00:47:49.596125;Appareil_001;ORANGE;ROUGE;RSSI;-51.0;dBm
2026-07-23T00:47:49.621066;Appareil_002;ROUGE;ORANGE;RSSI;-58.0;dBm
2026-07-23T00:47:49.641553;Appareil_002;ORANGE;ROUGE;RSSI;-51.0;dBm
2026-07-23T00:47:49.805861;Appareil_001;ROUGE;ORANGE;RSSI;-64.0;dBm
2026-07-23T00:47:49.848323;Appareil_001;ORANGE;ROUGE;RSSI;-51.0;dBm
2026-07-23T00:47:49.974710;Appareil_001;ROUGE;ORANGE;RSSI;-64.0;dBm
2026-07-23T00:47:50.010045;Appareil_001;ORANGE;ROUGE;RSSI;-51.0;dBm
2026-07-23T00:47:50.029545;Appareil_002;ROUGE;ORANGE;RSSI;-63.0;dBm
2026-07-23T00:47:50.065327;Appareil_002;ORANGE;ROUGE;RSSI;-51.0;dBm
2026-07-23T00:47:50.230015;Appareil_001;ROUGE;ORANGE;RSSI;-57.0;dBm
2026-07-23T00:47:50.253039;Appareil_001;ORANGE;ROUGE;RSSI;-51.0;dBm
2026-07-23T00:47:50.373780;Appareil_002;ROUGE;ORANGE;RSSI;-58.0;dBm
2026-07-23T00:47:50.395910;Appareil_002;ORANGE;ROUGE;RSSI;-51.0;dBm
2026-07-23T00:47:50.519464;Appareil_001;ROUGE;ORANGE;RSSI;-62.0;dBm
2026-07-23T00:47:50.553271;Appareil_001;ORANGE;ROUGE;RSSI;-51.0;dBm
2026-07-23T00:47:50.571198;Appareil_001;ROUGE;ORANGE;RSSI;-63.0;dBm
2026-07-23T00:47:50.605062;Appareil_001;ORANGE;ROUGE;RSSI;-51.0;dBm
2026-07-23T00:47:50.839438;Appareil_001;ROUGE;ORANGE;RSSI;-62.0;dBm
2026-07-23T00:47:50.872673;Appareil_001;ORANGE;ROUGE;RSSI;-51.0;dBm
2026-07-23T00:47:50.992514;Appareil_001;ROUGE;ORANGE;RSSI;-56.0;dBm
2026-07-23T00:47:51.013404;Appareil_001;ORANGE;ROUGE;RSSI;-51.0;dBm
2026-07-23T00:47:51.033016;Appareil_002;ROUGE;ORANGE;RSSI;-56.0;dBm
2026-07-23T00:47:51.051388;Appareil_002;ORANGE;ROUGE;RSSI;-51.0;dBm
2026-07-23T00:47:51.192285;Appareil_001;ROUGE;ORANGE;RSSI;-63.0;dBm
2026-07-23T00:47:51.235715;Appareil_001;ORANGE;ROUGE;RSSI;-51.0;dBm
2026-07-23T00:47:51.541070;Appareil_001;ROUGE;ORANGE;RSSI;-63.0;dBm
2026-07-23T00:47:51.677642;Appareil_001;ORANGE;ROUGE;RSSI;-51.0;dBm
2026-07-23T00:47:51.696799;Appareil_001;ROUGE;ORANGE;RSSI;-62.0;dBm
2026-07-23T00:47:51.732410;Appareil_001;ORANGE;ROUGE;RSSI;-51.0;dBm
2026-07-23T00:47:51.752675;Appareil_002;ROUGE;ORANGE;RSSI;-58.0;dBm
2026-07-23T00:47:51.771403;Appareil_002;ORANGE;ROUGE;RSSI;-51.0;dBm
2026-07-23T00:47:51.998167;Appareil_001;ROUGE;ORANGE;RSSI;-57.0;dBm
2026-07-23T00:47:52.154493;Appareil_002;ROUGE;ORANGE;RSSI;-66.0;dBm
2026-07-23T00:47:52.398424;Appareil_001;ORANGE;ROUGE;RSSI;-50.0;dBm
2026-07-23T00:47:52.451108;Appareil_002;ORANGE;VERT;RSSI;-84.0;dBm
2026-07-23T00:47:52.570683;Appareil_002;VERT;ORANGE;RSSI;-70.0;dBm
2026-07-23T00:47:52.589281;Appareil_002;ORANGE;ROUGE;RSSI;-55.0;dBm
2026-07-23T00:47:52.614182;Appareil_001;ROUGE;ORANGE;RSSI;-68.0;dBm
2026-07-23T00:47:52.794333;Appareil_001;ORANGE;VERT;RSSI;-73.0;dBm
2026-07-23T00:47:52.812402;Appareil_001;VERT;ORANGE;RSSI;-58.0;dBm
2026-07-23T00:47:52.830223;Appareil_002;ROUGE;ORANGE;RSSI;-62.0;dBm
2026-07-23T00:47:53.210432;Appareil_001;ORANGE;ROUGE;RSSI;-48.0;dBm
2026-07-23T00:47:53.428368;Appareil_002;ORANGE;ROUGE;RSSI;-44.0;dBm
2026-07-23T00:47:54.121650;Appareil_002;ROUGE;ORANGE;RSSI;-56.0;dBm
2026-07-23T00:47:54.367954;Appareil_001;ROUGE;ORANGE;RSSI;-60.0;dBm
2026-07-23T00:47:55.490548;Appareil_001;ORANGE;VERT;RSSI;-80.0;dBm
2026-07-23T00:47:55.510348;Appareil_001;VERT;ORANGE;RSSI;-64.0;dBm
2026-07-23T00:47:55.634449;Appareil_001;ORANGE;VERT;RSSI;-72.0;dBm
2026-07-23T00:47:55.923146;Appareil_001;VERT;ORANGE;RSSI;-63.0;dBm
2026-07-23T00:47:56.087093;Appareil_001;ORANGE;VERT;RSSI;-75.0;dBm
2026-07-23T00:47:56.108061;Appareil_001;VERT;ORANGE;RSSI;-64.0;dBm
2026-07-23T00:47:56.146677;Appareil_001;ORANGE;VERT;RSSI;-72.0;dBm
2026-07-23T00:47:56.479260;Appareil_001;VERT;ORANGE;RSSI;-64.0;dBm
2026-07-23T00:47:56.620225;Appareil_001;ORANGE;VERT;RSSI;-82.0;dBm
2026-07-23T00:47:56.759181;Appareil_001;VERT;ORANGE;RSSI;-64.0;dBm
2026-07-23T00:47:59.085696;Appareil_001;ORANGE;VERT;RSSI;-72.0;dBm
2026-07-23T00:47:59.106576;Appareil_001;VERT;ORANGE;RSSI;-64.0;dBm
2026-07-23T00:47:59.145009;Appareil_002;ORANGE;VERT;RSSI;-74.0;dBm
2026-07-23T00:47:59.167269;Appareil_002;VERT;ORANGE;RSSI;-66.0;dBm
2026-07-23T00:48:00.004174;Appareil_001;ORANGE;VERT;RSSI;-72.0;dBm
2026-07-23T00:48:00.038054;Appareil_001;VERT;ORANGE;RSSI;-69.0;dBm
2026-07-23T00:48:00.099129;Appareil_002;ORANGE;VERT;RSSI;-85.0;dBm
2026-07-23T00:48:00.345365;Appareil_001;ORANGE;VERT;RSSI;-75.0;dBm
2026-07-23T00:48:00.365522;Appareil_001;VERT;ORANGE;RSSI;-69.0;dBm
2026-07-23T00:48:00.385729;Appareil_001;ORANGE;VERT;RSSI;-76.0;dBm
2026-07-23T00:48:00.526687;Appareil_001;VERT;ORANGE;RSSI;-70.0;dBm
2026-07-23T00:48:00.548509;Appareil_001;ORANGE;VERT;RSSI;-75.0;dBm
2026-07-23T00:48:00.572155;Appareil_002;VERT;ORANGE;RSSI;-68.0;dBm
2026-07-23T00:48:00.593170;Appareil_002;ORANGE;VERT;RSSI;-72.0;dBm
2026-07-23T00:48:00.843916;Appareil_001;VERT;ORANGE;RSSI;-68.0;dBm
2026-07-23T00:48:00.865716;Appareil_001;ORANGE;VERT;RSSI;-71.0;dBm
2026-07-23T00:48:01.012820;Appareil_002;VERT;ORANGE;RSSI;-68.0;dBm
2026-07-23T00:48:01.035401;Appareil_002;ORANGE;VERT;RSSI;-72.0;dBm
2026-07-23T00:48:01.426099;Appareil_001;VERT;ORANGE;RSSI;-69.0;dBm
2026-07-23T00:48:01.456137;Appareil_001;ORANGE;VERT;RSSI;-72.0;dBm
2026-07-23T00:48:01.634877;Appareil_001;VERT;ORANGE;RSSI;-70.0;dBm
2026-07-23T00:48:01.663814;Appareil_001;ORANGE;VERT;RSSI;-72.0;dBm
2026-07-23T00:48:01.926044;Appareil_001;VERT;ORANGE;RSSI;-70.0;dBm
2026-07-23T00:48:02.060812;Appareil_001;ORANGE;VERT;RSSI;-71.0;dBm
2026-07-23T00:48:02.092967;Appareil_002;VERT;ORANGE;RSSI;-69.0;dBm
2026-07-23T00:48:02.119144;Appareil_002;ORANGE;VERT;RSSI;-71.0;dBm
2026-07-23T00:48:02.390123;Appareil_001;VERT;ORANGE;RSSI;-69.0;dBm
2026-07-23T00:48:02.568218;Appareil_002;VERT;ORANGE;RSSI;-66.0;dBm
2026-07-23T00:48:02.835813;Appareil_001;ORANGE;VERT;RSSI;-71.0;dBm
2026-07-23T00:48:02.857322;Appareil_001;VERT;ORANGE;RSSI;-64.0;dBm
2026-07-23T00:48:02.878616;Appareil_001;ORANGE;VERT;RSSI;-74.0;dBm
2026-07-23T00:48:03.007100;Appareil_001;VERT;ORANGE;RSSI;-64.0;dBm
2026-07-23T00:48:03.029145;Appareil_001;ORANGE;VERT;RSSI;-77.0;dBm
2026-07-23T00:48:03.090732;Appareil_002;ORANGE;VERT;RSSI;-83.0;dBm
2026-07-23T00:48:03.384595;Appareil_002;VERT;ORANGE;RSSI;-66.0;dBm
2026-07-23T00:48:03.508940;Appareil_001;VERT;ORANGE;RSSI;-68.0;dBm
2026-07-23T00:48:03.594960;Appareil_002;ORANGE;VERT;RSSI;-72.0;dBm
2026-07-23T00:48:03.921961;Appareil_001;ORANGE;VERT;RSSI;-73.0;dBm
2026-07-23T00:48:04.161495;Appareil_001;VERT;ORANGE;RSSI;-67.0;dBm
2026-07-23T00:48:04.483230;Appareil_002;VERT;ORANGE;RSSI;-65.0;dBm
2026-07-23T00:48:04.612538;Appareil_001;ORANGE;VERT;RSSI;-72.0;dBm
2026-07-23T00:48:04.636763;Appareil_001;VERT;ORANGE;RSSI;-67.0;dBm
2026-07-23T00:48:05.508119;Appareil_001;ORANGE;VERT;RSSI;-80.0;dBm
2026-07-23T00:48:05.803619;Appareil_001;VERT;ORANGE;RSSI;-64.0;dBm
2026-07-23T00:48:06.606804;Appareil_001;ORANGE;VERT;RSSI;-71.0;dBm
2026-07-23T00:48:06.897677;Appareil_001;VERT;ORANGE;RSSI;-70.0;dBm
2026-07-23T00:48:07.130843;Appareil_002;ORANGE;VERT;RSSI;-73.0;dBm
2026-07-23T00:48:07.153293;Appareil_002;VERT;ORANGE;RSSI;-68.0;dBm
2026-07-23T00:48:07.653638;Appareil_001;ORANGE;VERT;RSSI;-78.0;dBm
2026-07-23T00:48:07.698077;Appareil_001;VERT;ORANGE;RSSI;-68.0;dBm
2026-07-23T00:48:07.766623;Appareil_002;ORANGE;VERT;RSSI;-74.0;dBm
2026-07-23T00:48:07.791314;Appareil_002;VERT;ORANGE;RSSI;-70.0;dBm
2026-07-23T00:48:08.331162;Appareil_002;ORANGE;VERT;RSSI;-76.0;dBm
2026-07-23T00:48:08.354983;Appareil_002;VERT;ORANGE;RSSI;-70.0;dBm
2026-07-23T00:48:08.635492;Appareil_001;ORANGE;VERT;RSSI;-81.0;dBm
2026-07-23T00:48:08.661711;Appareil_001;VERT;ORANGE;RSSI;-70.0;dBm
2026-07-23T00:48:08.707900;Appareil_001;ORANGE;VERT;RSSI;-80.0;dBm
2026-07-23T00:48:08.752097;Appareil_001;VERT;ORANGE;RSSI;-68.0;dBm
2026-07-23T00:48:08.776843;Appareil_002;ORANGE;VERT;RSSI;-83.0;dBm
2026-07-23T00:48:09.011740;Appareil_001;ORANGE;VERT;RSSI;-77.0;dBm
2026-07-23T00:48:09.136922;Appareil_001;VERT;ORANGE;RSSI;-70.0;dBm
2026-07-23T00:48:09.184554;Appareil_001;ORANGE;VERT;RSSI;-81.0;dBm
2026-07-23T00:48:09.352119;Appareil_001;VERT;ORANGE;RSSI;-70.0;dBm
2026-07-23T00:48:09.532628;Appareil_001;ORANGE;VERT;RSSI;-71.0;dBm
2026-07-23T00:48:09.565098;Appareil_001;VERT;ORANGE;RSSI;-69.0;dBm
2026-07-23T00:48:09.615332;Appareil_002;VERT;ORANGE;RSSI;-70.0;dBm
2026-07-23T00:48:09.768316;Appareil_001;ORANGE;VERT;RSSI;-72.0;dBm
2026-07-23T00:48:09.799176;Appareil_001;VERT;ORANGE;RSSI;-69.0;dBm
2026-07-23T00:48:09.968155;Appareil_002;ORANGE;VERT;RSSI;-71.0;dBm
2026-07-23T00:48:09.999146;Appareil_002;VERT;ORANGE;RSSI;-68.0;dBm
2026-07-23T00:48:10.143219;Appareil_001;ORANGE;VERT;RSSI;-77.0;dBm
2026-07-23T00:48:10.291225;Appareil_001;VERT;ORANGE;RSSI;-70.0;dBm
2026-07-23T00:48:10.316647;Appareil_001;ORANGE;VERT;RSSI;-76.0;dBm
2026-07-23T00:48:10.645692;Appareil_001;VERT;ORANGE;RSSI;-70.0;dBm
2026-07-23T00:48:10.816385;Appareil_002;ORANGE;VERT;RSSI;-78.0;dBm
2026-07-23T00:48:10.842926;Appareil_002;VERT;ORANGE;RSSI;-67.0;dBm
2026-07-23T00:48:11.146625;Appareil_001;ORANGE;VERT;RSSI;-71.0;dBm
2026-07-23T00:48:11.172882;Appareil_001;VERT;ORANGE;RSSI;-66.0;dBm
2026-07-23T00:48:11.198109;Appareil_002;ORANGE;VERT;RSSI;-89.0;dBm
2026-07-23T00:48:11.245052;Appareil_002;VERT;ORANGE;RSSI;-67.0;dBm
2026-07-23T00:48:11.479303;Appareil_001;ORANGE;VERT;RSSI;-79.0;dBm
2026-07-23T00:48:11.807138;Appareil_001;VERT;ORANGE;RSSI;-67.0;dBm
2026-07-23T00:48:11.833756;Appareil_002;ORANGE;VERT;RSSI;-74.0;dBm
2026-07-23T00:48:11.863447;Appareil_001;ORANGE;VERT;RSSI;-82.0;dBm
2026-07-23T00:48:11.912655;Appareil_001;VERT;ORANGE;RSSI;-68.0;dBm
2026-07-23T00:48:11.963323;Appareil_002;VERT;ORANGE;RSSI;-67.0;dBm
2026-07-23T00:48:12.096780;Appareil_001;ORANGE;VERT;RSSI;-76.0;dBm
2026-07-23T00:48:12.121843;Appareil_002;ORANGE;VERT;RSSI;-76.0;dBm
2026-07-23T00:48:12.148151;Appareil_002;VERT;ORANGE;RSSI;-68.0;dBm
2026-07-23T00:48:12.428439;Appareil_001;VERT;ORANGE;RSSI;-68.0;dBm
2026-07-23T00:48:12.454184;Appareil_002;ORANGE;VERT;RSSI;-76.0;dBm
2026-07-23T00:48:12.847610;Appareil_004;INITIAL;VERT;RSSI;-75.0;dBm
2026-07-23T00:48:13.070539;Appareil_002;VERT;ORANGE;RSSI;-70.0;dBm
2026-07-23T00:48:13.101927;Appareil_001;ORANGE;VERT;RSSI;-74.0;dBm
2026-07-23T00:48:13.128582;Appareil_001;VERT;ORANGE;RSSI;-70.0;dBm
2026-07-23T00:48:13.156867;Appareil_001;ORANGE;VERT;RSSI;-74.0;dBm
2026-07-23T00:48:13.209183;Appareil_001;VERT;ORANGE;RSSI;-70.0;dBm
2026-07-23T00:48:13.445136;Appareil_001;ORANGE;VERT;RSSI;-75.0;dBm
2026-07-23T00:48:13.497759;Appareil_001;VERT;ORANGE;RSSI;-70.0;dBm
2026-07-23T00:48:13.633511;Appareil_002;ORANGE;VERT;RSSI;-73.0;dBm
2026-07-23T00:48:13.684630;Appareil_002;VERT;ORANGE;RSSI;-70.0;dBm
2026-07-23T00:48:13.843148;Appareil_001;ORANGE;VERT;RSSI;-73.0;dBm
2026-07-23T00:48:13.904684;Appareil_001;VERT;ORANGE;RSSI;-69.0;dBm
2026-07-23T00:48:14.163354;Appareil_002;ORANGE;VERT;RSSI;-75.0;dBm
2026-07-23T00:48:14.193246;Appareil_001;ORANGE;VERT;RSSI;-77.0;dBm
2026-07-23T00:48:14.760686;Appareil_001;VERT;ORANGE;RSSI;-68.0;dBm
2026-07-23T00:48:14.844850;Appareil_002;VERT;ORANGE;RSSI;-69.0;dBm
2026-07-23T00:48:14.979172;Appareil_001;ORANGE;VERT;RSSI;-73.0;dBm
2026-07-23T00:48:15.006270;Appareil_002;ORANGE;VERT;RSSI;-75.0;dBm
2026-07-23T00:48:15.033287;Appareil_002;VERT;ORANGE;RSSI;-69.0;dBm
2026-07-23T00:48:15.255684;Appareil_001;VERT;ORANGE;RSSI;-68.0;dBm
2026-07-23T00:48:15.411964;Appareil_001;ORANGE;VERT;RSSI;-75.0;dBm
2026-07-23T00:48:15.575386;Appareil_001;VERT;ORANGE;RSSI;-68.0;dBm
2026-07-23T00:48:15.753982;Appareil_002;ORANGE;VERT;RSSI;-75.0;dBm
2026-07-23T00:48:15.783597;Appareil_002;VERT;ORANGE;RSSI;-70.0;dBm
2026-07-23T00:48:16.217925;Appareil_001;ORANGE;VERT;RSSI;-72.0;dBm
2026-07-23T00:48:16.247914;Appareil_001;VERT;ORANGE;RSSI;-68.0;dBm
2026-07-23T00:48:16.277627;Appareil_001;ORANGE;VERT;RSSI;-79.0;dBm
2026-07-23T00:48:16.327906;Appareil_001;VERT;ORANGE;RSSI;-69.0;dBm
2026-07-23T00:48:16.688593;Appareil_001;ORANGE;VERT;RSSI;-72.0;dBm
2026-07-23T00:48:16.716935;Appareil_001;VERT;ORANGE;RSSI;-68.0;dBm
2026-07-23T00:48:16.745250;Appareil_002;ORANGE;VERT;RSSI;-80.0;dBm
2026-07-23T00:48:16.911594;Appareil_001;ORANGE;VERT;RSSI;-80.0;dBm
2026-07-23T00:48:16.972244;Appareil_001;VERT;ORANGE;RSSI;-68.0;dBm
2026-07-23T00:48:17.001350;Appareil_001;ORANGE;VERT;RSSI;-74.0;dBm
2026-07-23T00:48:17.028801;Appareil_001;VERT;ORANGE;RSSI;-68.0;dBm
2026-07-23T00:48:17.106821;Appareil_002;VERT;ORANGE;RSSI;-68.0;dBm
2026-07-23T00:48:17.358367;Appareil_001;ORANGE;VERT;RSSI;-73.0;dBm
2026-07-23T00:48:17.386459;Appareil_001;VERT;ORANGE;RSSI;-68.0;dBm
2026-07-23T00:48:17.413898;Appareil_001;ORANGE;VERT;RSSI;-79.0;dBm
2026-07-23T00:48:17.465020;Appareil_001;VERT;ORANGE;RSSI;-68.0;dBm
2026-07-23T00:48:17.494663;Appareil_002;ORANGE;VERT;RSSI;-78.0;dBm
2026-07-23T00:48:17.552192;Appareil_002;VERT;ORANGE;RSSI;-68.0;dBm
2026-07-23T00:48:17.793995;Appareil_001;ORANGE;VERT;RSSI;-78.0;dBm
2026-07-23T00:48:17.846125;Appareil_001;VERT;ORANGE;RSSI;-67.0;dBm
2026-07-23T00:48:17.873627;Appareil_001;ORANGE;VERT;RSSI;-78.0;dBm
2026-07-23T00:48:17.901599;Appareil_001;VERT;ORANGE;RSSI;-70.0;dBm
2026-07-23T00:48:17.956096;Appareil_002;ORANGE;VERT;RSSI;-80.0;dBm
2026-07-23T00:48:18.011004;Appareil_002;VERT;ORANGE;RSSI;-66.0;dBm
2026-07-23T00:48:18.249869;Appareil_001;ORANGE;VERT;RSSI;-79.0;dBm
2026-07-23T00:48:18.305509;Appareil_001;VERT;ORANGE;RSSI;-67.0;dBm
2026-07-23T00:48:18.386851;Appareil_002;ORANGE;VERT;RSSI;-78.0;dBm
2026-07-23T00:48:18.414332;Appareil_002;VERT;ORANGE;RSSI;-70.0;dBm
2026-07-23T00:48:18.571520;Appareil_001;ORANGE;VERT;RSSI;-72.0;dBm
2026-07-23T00:48:18.603185;Appareil_001;VERT;ORANGE;RSSI;-67.0;dBm
2026-07-23T00:48:18.635307;Appareil_001;ORANGE;VERT;RSSI;-73.0;dBm
2026-07-23T00:48:18.663595;Appareil_001;VERT;ORANGE;RSSI;-67.0;dBm
2026-07-23T00:48:18.693445;Appareil_002;ORANGE;VERT;RSSI;-71.0;dBm
2026-07-23T00:48:18.721993;Appareil_002;VERT;ORANGE;RSSI;-67.0;dBm
2026-07-23T00:48:19.038431;Appareil_001;ORANGE;VERT;RSSI;-72.0;dBm
2026-07-23T00:48:19.076245;Appareil_001;VERT;ORANGE;RSSI;-68.0;dBm
2026-07-23T00:48:19.104816;Appareil_002;ORANGE;VERT;RSSI;-79.0;dBm
2026-07-23T00:48:19.133913;Appareil_002;VERT;ORANGE;RSSI;-70.0;dBm
2026-07-23T00:48:19.400591;Appareil_001;ORANGE;VERT;RSSI;-80.0;dBm
2026-07-23T00:48:19.454515;Appareil_001;VERT;ORANGE;RSSI;-67.0;dBm
2026-07-23T00:48:19.694631;Appareil_001;ORANGE;VERT;RSSI;-78.0;dBm
2026-07-23T00:48:19.723562;Appareil_001;VERT;ORANGE;RSSI;-68.0;dBm
2026-07-23T00:48:19.751198;Appareil_001;ORANGE;VERT;RSSI;-78.0;dBm
2026-07-23T00:48:19.883728;Appareil_002;ORANGE;VERT;RSSI;-79.0;dBm
2026-07-23T00:48:20.093995;Appareil_001;VERT;ORANGE;RSSI;-68.0;dBm
2026-07-23T00:48:20.124442;Appareil_001;ORANGE;VERT;RSSI;-80.0;dBm
2026-07-23T00:48:20.169307;Appareil_001;VERT;ORANGE;RSSI;-70.0;dBm
2026-07-23T00:48:20.257874;Appareil_002;VERT;ORANGE;RSSI;-70.0;dBm
2026-07-23T00:48:20.314655;Appareil_001;ORANGE;VERT;RSSI;-78.0;dBm
2026-07-23T00:48:20.475287;Appareil_001;VERT;ORANGE;RSSI;-70.0;dBm
2026-07-23T00:48:20.537258;Appareil_001;ORANGE;VERT;RSSI;-79.0;dBm
2026-07-23T00:48:20.565805;Appareil_001;VERT;ORANGE;RSSI;-70.0;dBm
2026-07-23T00:48:20.730497;Appareil_001;ORANGE;VERT;RSSI;-79.0;dBm
2026-07-23T00:48:20.760590;Appareil_001;VERT;ORANGE;RSSI;-70.0;dBm
2026-07-23T00:48:20.951912;Appareil_001;ORANGE;VERT;RSSI;-77.0;dBm
2026-07-23T00:48:21.019524;Appareil_001;VERT;ORANGE;RSSI;-68.0;dBm
2026-07-23T00:48:21.053915;Appareil_002;ORANGE;VERT;RSSI;-79.0;dBm
2026-07-23T00:48:21.111981;Appareil_002;VERT;ORANGE;RSSI;-68.0;dBm
2026-07-23T00:48:21.249928;Appareil_001;ORANGE;VERT;RSSI;-78.0;dBm
2026-07-23T00:48:21.285540;Appareil_001;VERT;ORANGE;RSSI;-70.0;dBm
2026-07-23T00:48:21.343209;Appareil_001;ORANGE;VERT;RSSI;-79.0;dBm
2026-07-23T00:48:21.373382;Appareil_001;VERT;ORANGE;RSSI;-70.0;dBm
2026-07-23T00:48:21.721084;Appareil_001;ORANGE;VERT;RSSI;-80.0;dBm
2026-07-23T00:48:21.789866;Appareil_001;VERT;ORANGE;RSSI;-67.0;dBm
2026-07-23T00:48:21.902335;Appareil_002;ORANGE;VERT;RSSI;-80.0;dBm
2026-07-23T00:48:21.932337;Appareil_002;VERT;ORANGE;RSSI;-70.0;dBm
2026-07-23T00:48:22.097734;Appareil_001;ORANGE;VERT;RSSI;-80.0;dBm
2026-07-23T00:48:22.127804;Appareil_001;VERT;ORANGE;RSSI;-67.0;dBm
2026-07-23T00:48:22.378394;Appareil_001;ORANGE;VERT;RSSI;-72.0;dBm
2026-07-23T00:48:22.408967;Appareil_001;VERT;ORANGE;RSSI;-67.0;dBm
2026-07-23T00:48:22.439975;Appareil_001;ORANGE;VERT;RSSI;-80.0;dBm
2026-07-23T00:48:22.573776;Appareil_001;VERT;ORANGE;RSSI;-67.0;dBm
2026-07-23T00:48:22.604933;Appareil_002;ORANGE;VERT;RSSI;-80.0;dBm
2026-07-23T00:48:22.639394;Appareil_001;ORANGE;VERT;RSSI;-80.0;dBm
2026-07-23T00:48:22.668181;Appareil_001;VERT;ORANGE;RSSI;-70.0;dBm
2026-07-23T00:48:22.831611;Appareil_001;ORANGE;VERT;RSSI;-80.0;dBm
2026-07-23T00:48:22.893321;Appareil_001;VERT;ORANGE;RSSI;-67.0;dBm
2026-07-23T00:48:22.926348;Appareil_002;VERT;ORANGE;RSSI;-70.0;dBm
2026-07-23T00:48:22.990698;Appareil_001;ORANGE;VERT;RSSI;-79.0;dBm
2026-07-23T00:48:23.049649;Appareil_001;VERT;ORANGE;RSSI;-67.0;dBm
2026-07-23T00:48:23.414801;Appareil_001;ORANGE;VERT;RSSI;-79.0;dBm
2026-07-23T00:48:23.483963;Appareil_001;VERT;ORANGE;RSSI;-67.0;dBm
2026-07-23T00:48:23.641256;Appareil_001;ORANGE;VERT;RSSI;-72.0;dBm
2026-07-23T00:48:23.679754;Appareil_001;VERT;ORANGE;RSSI;-67.0;dBm
2026-07-23T00:48:23.711315;Appareil_002;ORANGE;VERT;RSSI;-79.0;dBm
2026-07-23T00:48:23.745432;Appareil_001;ORANGE;VERT;RSSI;-78.0;dBm
2026-07-23T00:48:23.954773;Appareil_001;VERT;ORANGE;RSSI;-67.0;dBm
2026-07-23T00:48:24.183225;Appareil_001;ORANGE;VERT;RSSI;-73.0;dBm
2026-07-23T00:48:24.224717;Appareil_001;VERT;ORANGE;RSSI;-67.0;dBm
2026-07-23T00:48:24.264272;Appareil_001;ORANGE;VERT;RSSI;-73.0;dBm
2026-07-23T00:48:24.296735;Appareil_001;VERT;ORANGE;RSSI;-67.0;dBm
2026-07-23T00:48:24.358488;Appareil_005;INITIAL;VERT;RSSI;-73.0;dBm
2026-07-23T00:48:24.391700;Appareil_002;VERT;ORANGE;RSSI;-68.0;dBm
2026-07-23T00:48:24.532926;Appareil_001;ORANGE;VERT;RSSI;-73.0;dBm
2026-07-23T00:48:24.564493;Appareil_001;VERT;ORANGE;RSSI;-67.0;dBm
2026-07-23T00:48:24.598363;Appareil_002;ORANGE;VERT;RSSI;-75.0;dBm
2026-07-23T00:48:24.638083;Appareil_002;VERT;ORANGE;RSSI;-67.0;dBm
2026-07-23T00:48:24.692500;Appareil_001;ORANGE;VERT;RSSI;-79.0;dBm
2026-07-23T00:48:24.773215;Appareil_001;VERT;ORANGE;RSSI;-67.0;dBm
2026-07-23T00:48:24.814436;Appareil_001;ORANGE;VERT;RSSI;-72.0;dBm
2026-07-23T00:48:24.847776;Appareil_001;VERT;ORANGE;RSSI;-67.0;dBm
2026-07-23T00:48:24.880059;Appareil_002;ORANGE;VERT;RSSI;-79.0;dBm
2026-07-23T00:48:24.915283;Appareil_001;ORANGE;VERT;RSSI;-79.0;dBm
2026-07-23T00:48:24.976425;Appareil_001;VERT;ORANGE;RSSI;-67.0;dBm
2026-07-23T00:48:25.014999;Appareil_001;ORANGE;VERT;RSSI;-73.0;dBm
2026-07-23T00:48:25.046561;Appareil_001;VERT;ORANGE;RSSI;-66.0;dBm
2026-07-23T00:48:25.107330;Appareil_002;VERT;ORANGE;RSSI;-67.0;dBm
2026-07-23T00:48:25.140929;Appareil_001;ORANGE;VERT;RSSI;-72.0;dBm
2026-07-23T00:48:25.174154;Appareil_001;VERT;ORANGE;RSSI;-67.0;dBm
2026-07-23T00:48:25.214591;Appareil_001;ORANGE;VERT;RSSI;-73.0;dBm
2026-07-23T00:48:25.248127;Appareil_001;VERT;ORANGE;RSSI;-67.0;dBm
2026-07-23T00:48:25.284643;Appareil_001;ORANGE;VERT;RSSI;-71.0;dBm
2026-07-23T00:48:25.318926;Appareil_001;VERT;ORANGE;RSSI;-66.0;dBm
2026-07-23T00:48:25.362148;Appareil_002;ORANGE;VERT;RSSI;-72.0;dBm
2026-07-23T00:48:25.395019;Appareil_002;VERT;ORANGE;RSSI;-67.0;dBm
2026-07-23T00:48:25.433708;Appareil_001;ORANGE;VERT;RSSI;-72.0;dBm
2026-07-23T00:48:25.467216;Appareil_001;VERT;ORANGE;RSSI;-67.0;dBm
2026-07-23T00:48:25.501962;Appareil_001;ORANGE;VERT;RSSI;-73.0;dBm
2026-07-23T00:48:25.533853;Appareil_001;VERT;ORANGE;RSSI;-67.0;dBm
2026-07-23T00:48:25.566658;Appareil_002;ORANGE;VERT;RSSI;-80.0;dBm
2026-07-23T00:48:25.630805;Appareil_002;VERT;ORANGE;RSSI;-67.0;dBm
2026-07-23T00:48:25.868056;Appareil_006;INITIAL;VERT;RSSI;-72.0;dBm
2026-07-23T00:48:26.159801;Appareil_001;ORANGE;VERT;RSSI;-77.0;dBm
2026-07-23T00:48:26.219453;Appareil_001;VERT;ORANGE;RSSI;-66.0;dBm
2026-07-23T00:48:26.453672;Appareil_001;ORANGE;VERT;RSSI;-77.0;dBm
2026-07-23T00:48:26.488724;Appareil_001;VERT;ORANGE;RSSI;-67.0;dBm
2026-07-23T00:48:26.522990;Appareil_001;ORANGE;VERT;RSSI;-76.0;dBm
2026-07-23T00:48:26.586786;Appareil_001;VERT;ORANGE;RSSI;-67.0;dBm
2026-07-23T00:48:26.899168;Appareil_001;ORANGE;VERT;RSSI;-77.0;dBm
2026-07-23T00:48:26.974341;Appareil_001;VERT;ORANGE;RSSI;-67.0;dBm
2026-07-23T00:48:27.008878;Appareil_001;ORANGE;VERT;RSSI;-77.0;dBm
2026-07-23T00:48:27.043328;Appareil_001;VERT;ORANGE;RSSI;-67.0;dBm
2026-07-23T00:48:27.077088;Appareil_007;INITIAL;VERT;RSSI;-72.0;dBm
2026-07-23T00:48:27.344987;Appareil_001;ORANGE;VERT;RSSI;-78.0;dBm
2026-07-23T00:48:27.415639;Appareil_001;VERT;ORANGE;RSSI;-67.0;dBm
2026-07-23T00:48:27.452496;Appareil_001;ORANGE;VERT;RSSI;-79.0;dBm
2026-07-23T00:48:27.524010;Appareil_001;VERT;ORANGE;RSSI;-67.0;dBm
2026-07-23T00:48:27.561235;Appareil_002;ORANGE;VERT;RSSI;-73.0;dBm
2026-07-23T00:48:27.597270;Appareil_002;VERT;ORANGE;RSSI;-67.0;dBm
2026-07-23T00:48:27.634541;Appareil_001;ORANGE;VERT;RSSI;-79.0;dBm
2026-07-23T00:48:27.702582;Appareil_002;ORANGE;VERT;RSSI;-72.0;dBm
2026-07-23T00:48:27.739850;Appareil_002;VERT;ORANGE;RSSI;-67.0;dBm
2026-07-23T00:48:28.011862;Appareil_001;VERT;ORANGE;RSSI;-67.0;dBm
2026-07-23T00:48:28.047681;Appareil_001;ORANGE;VERT;RSSI;-80.0;dBm
2026-07-23T00:48:28.117131;Appareil_001;VERT;ORANGE;RSSI;-67.0;dBm
2026-07-23T00:48:28.355893;Appareil_002;ORANGE;VERT;RSSI;-73.0;dBm
2026-07-23T00:48:28.393890;Appareil_002;VERT;ORANGE;RSSI;-68.0;dBm
2026-07-23T00:48:28.664249;Appareil_001;ORANGE;VERT;RSSI;-81.0;dBm
2026-07-23T00:48:28.730679;Appareil_001;VERT;ORANGE;RSSI;-68.0;dBm
2026-07-23T00:48:28.766171;Appareil_002;ORANGE;VERT;RSSI;-81.0;dBm
2026-07-23T00:48:28.835245;Appareil_002;VERT;ORANGE;RSSI;-68.0;dBm
2026-07-23T00:48:28.906061;Appareil_002;ORANGE;VERT;RSSI;-82.0;dBm
2026-07-23T00:48:28.973474;Appareil_002;VERT;ORANGE;RSSI;-67.0;dBm
2026-07-23T00:48:29.209722;Appareil_001;ORANGE;VERT;RSSI;-80.0;dBm
2026-07-23T00:48:29.278122;Appareil_001;VERT;ORANGE;RSSI;-67.0;dBm
2026-07-23T00:48:29.314577;Appareil_002;ORANGE;VERT;RSSI;-81.0;dBm
2026-07-23T00:48:29.383371;Appareil_002;VERT;ORANGE;RSSI;-68.0;dBm
2026-07-23T00:48:29.742649;Appareil_001;ORANGE;VERT;RSSI;-80.0;dBm
2026-07-23T00:48:29.998563;Appareil_002;ORANGE;VERT;RSSI;-72.0;dBm
2026-07-23T00:48:30.063419;Appareil_002;VERT;ORANGE;RSSI;-68.0;dBm
2026-07-23T00:48:30.275991;Appareil_001;VERT;ORANGE;RSSI;-68.0;dBm
2026-07-23T00:48:30.312782;Appareil_001;ORANGE;VERT;RSSI;-73.0;dBm
2026-07-23T00:48:30.349902;Appareil_001;VERT;ORANGE;RSSI;-68.0;dBm
2026-07-23T00:48:30.388820;Appareil_008;INITIAL;VERT;RSSI;-74.0;dBm
2026-07-23T00:48:30.464345;Appareil_001;ORANGE;VERT;RSSI;-73.0;dBm
2026-07-23T00:48:30.500927;Appareil_001;VERT;ORANGE;RSSI;-68.0;dBm
2026-07-23T00:48:30.537116;Appareil_001;ORANGE;VERT;RSSI;-81.0;dBm
2026-07-23T00:48:30.572888;Appareil_002;ORANGE;VERT;RSSI;-72.0;dBm
2026-07-23T00:48:30.608742;Appareil_002;VERT;ORANGE;RSSI;-68.0;dBm
2026-07-23T00:48:30.679538;Appareil_009;INITIAL;VERT;RSSI;-74.0;dBm
2026-07-23T00:48:30.720067;Appareil_001;VERT;ORANGE;RSSI;-68.0;dBm
2026-07-23T00:48:30.760320;Appareil_002;ORANGE;VERT;RSSI;-73.0;dBm
2026-07-23T00:48:30.797751;Appareil_002;VERT;ORANGE;RSSI;-68.0;dBm
2026-07-23T00:48:30.973825;Appareil_002;ORANGE;VERT;RSSI;-74.0;dBm
2026-07-23T00:48:31.023679;Appareil_002;VERT;ORANGE;RSSI;-68.0;dBm
2026-07-23T00:48:31.229890;Appareil_002;ORANGE;VERT;RSSI;-74.0;dBm
2026-07-23T00:48:31.283085;Appareil_002;VERT;ORANGE;RSSI;-68.0;dBm
2026-07-23T00:48:31.580362;Appareil_001;ORANGE;VERT;RSSI;-75.0;dBm
2026-07-23T00:48:31.618677;Appareil_001;VERT;ORANGE;RSSI;-68.0;dBm
2026-07-23T00:48:31.759829;Appareil_001;ORANGE;VERT;RSSI;-88.0;dBm
2026-07-23T00:48:31.842941;Appareil_001;VERT;ORANGE;RSSI;-68.0;dBm
2026-07-23T00:48:31.981921;Appareil_002;ORANGE;VERT;RSSI;-73.0;dBm
2026-07-23T00:48:32.031642;Appareil_002;VERT;ORANGE;RSSI;-68.0;dBm
2026-07-23T00:48:32.070222;Appareil_001;ORANGE;VERT;RSSI;-91.0;dBm
2026-07-23T00:48:32.148780;Appareil_001;VERT;ORANGE;RSSI;-69.0;dBm
2026-07-23T00:48:32.424182;Appareil_002;ORANGE;VERT;RSSI;-74.0;dBm
2026-07-23T00:48:32.461500;Appareil_002;VERT;ORANGE;RSSI;-69.0;dBm
2026-07-23T00:48:32.700319;Appareil_001;ORANGE;VERT;RSSI;-73.0;dBm
2026-07-23T00:48:32.740705;Appareil_001;VERT;ORANGE;RSSI;-69.0;dBm
2026-07-23T00:48:32.882858;Appareil_010;INITIAL;VERT;RSSI;-72.0;dBm
2026-07-23T00:48:33.156733;Appareil_001;ORANGE;VERT;RSSI;-75.0;dBm
2026-07-23T00:48:33.210732;Appareil_001;VERT;ORANGE;RSSI;-68.0;dBm
2026-07-23T00:48:33.436971;Appareil_001;ORANGE;VERT;RSSI;-75.0;dBm
2026-07-23T00:48:33.512572;Appareil_001;VERT;ORANGE;RSSI;-68.0;dBm
2026-07-23T00:48:33.556008;Appareil_002;ORANGE;VERT;RSSI;-73.0;dBm
2026-07-23T00:48:33.598025;Appareil_002;VERT;ORANGE;RSSI;-68.0;dBm
2026-07-23T00:48:33.638714;Appareil_001;ORANGE;VERT;RSSI;-74.0;dBm
2026-07-23T00:48:33.678203;Appareil_001;VERT;ORANGE;RSSI;-68.0;dBm
2026-07-23T00:48:33.717600;Appareil_002;ORANGE;VERT;RSSI;-73.0;dBm
2026-07-23T00:48:33.759279;Appareil_002;VERT;ORANGE;RSSI;-68.0;dBm
2026-07-23T00:48:34.001199;Appareil_001;ORANGE;VERT;RSSI;-73.0;dBm
2026-07-23T00:48:34.042873;Appareil_001;VERT;ORANGE;RSSI;-68.0;dBm
2026-07-23T00:48:34.084448;Appareil_002;ORANGE;VERT;RSSI;-73.0;dBm
2026-07-23T00:48:34.125603;Appareil_002;VERT;ORANGE;RSSI;-68.0;dBm
2026-07-23T00:48:34.376013;Appareil_001;ORANGE;VERT;RSSI;-73.0;dBm
2026-07-23T00:48:34.442605;Appareil_001;VERT;ORANGE;RSSI;-67.0;dBm
2026-07-23T00:48:34.836843;Appareil_001;ORANGE;VERT;RSSI;-74.0;dBm
2026-07-23T00:48:34.891704;Appareil_001;VERT;ORANGE;RSSI;-68.0;dBm
2026-07-23T00:48:34.933804;Appareil_001;ORANGE;VERT;RSSI;-76.0;dBm
2026-07-23T00:48:34.975643;Appareil_011;INITIAL;VERT;RSSI;-73.0;dBm
2026-07-23T00:48:35.018439;Appareil_001;VERT;ORANGE;RSSI;-69.0;dBm
2026-07-23T00:48:35.060658;Appareil_002;ORANGE;VERT;RSSI;-77.0;dBm
2026-07-23T00:48:35.142771;Appareil_002;VERT;ORANGE;RSSI;-70.0;dBm
2026-07-23T00:48:35.186358;Appareil_001;ORANGE;VERT;RSSI;-75.0;dBm
2026-07-23T00:48:35.229983;Appareil_001;VERT;ORANGE;RSSI;-68.0;dBm
2026-07-23T00:48:35.313233;Appareil_012;INITIAL;VERT;RSSI;-75.0;dBm
2026-07-23T00:48:35.526138;Appareil_001;ORANGE;VERT;RSSI;-73.0;dBm
2026-07-23T00:48:35.595543;Appareil_001;VERT;ORANGE;RSSI;-68.0;dBm
2026-07-23T00:48:35.635918;Appareil_001;ORANGE;VERT;RSSI;-72.0;dBm
2026-07-23T00:48:36.045608;Appareil_001;VERT;ORANGE;RSSI;-66.0;dBm
2026-07-23T00:48:36.086662;Appareil_001;ORANGE;VERT;RSSI;-83.0;dBm
2026-07-23T00:48:36.462658;Appareil_001;VERT;ORANGE;RSSI;-69.0;dBm
2026-07-23T00:48:36.545602;Appareil_001;ORANGE;VERT;RSSI;-75.0;dBm
2026-07-23T00:48:36.675911;Appareil_002;ORANGE;VERT;RSSI;-72.0;dBm
2026-07-23T00:48:36.754630;Appareil_001;VERT;ORANGE;RSSI;-65.0;dBm
2026-07-23T00:48:36.818167;Appareil_001;ORANGE;VERT;RSSI;-86.0;dBm
2026-07-23T00:48:36.862135;Appareil_002;VERT;ORANGE;RSSI;-61.0;dBm
2026-07-23T00:48:37.101485;Appareil_001;VERT;ORANGE;RSSI;-61.0;dBm
2026-07-23T00:48:37.409604;Appareil_002;ORANGE;VERT;RSSI;-72.0;dBm
2026-07-23T00:48:37.848637;Appareil_002;VERT;ORANGE;RSSI;-65.0;dBm
2026-07-23T00:48:38.452226;Appareil_002;ORANGE;VERT;RSSI;-72.0;dBm
2026-07-23T00:48:38.496390;Appareil_002;VERT;ORANGE;RSSI;-64.0;dBm
2026-07-23T00:48:42.536453;Appareil_001;ORANGE;ROUGE;RSSI;-55.0;dBm
2026-07-23T00:48:42.626213;Appareil_001;ROUGE;ORANGE;RSSI;-57.0;dBm
2026-07-23T00:48:42.674467;Appareil_001;ORANGE;ROUGE;RSSI;-53.0;dBm
2026-07-23T00:48:42.813815;Appareil_002;ORANGE;ROUGE;RSSI;-53.0;dBm
2026-07-23T00:48:44.250153;Appareil_001;ROUGE;ORANGE;RSSI;-60.0;dBm
2026-07-23T00:48:44.297263;Appareil_001;ORANGE;ROUGE;RSSI;-49.0;dBm
2026-07-23T00:48:44.388814;Appareil_001;ROUGE;ORANGE;RSSI;-62.0;dBm
2026-07-23T00:48:44.530788;Appareil_002;ROUGE;ORANGE;RSSI;-64.0;dBm
2026-07-23T00:48:44.578285;Appareil_001;ORANGE;ROUGE;RSSI;-51.0;dBm
2026-07-23T00:48:44.666504;Appareil_001;ROUGE;ORANGE;RSSI;-67.0;dBm
2026-07-23T00:48:44.714241;Appareil_001;ORANGE;ROUGE;RSSI;-51.0;dBm
2026-07-23T00:48:44.807597;Appareil_001;ROUGE;ORANGE;RSSI;-63.0;dBm
2026-07-23T00:48:44.857383;Appareil_002;ORANGE;ROUGE;RSSI;-52.0;dBm
2026-07-23T00:48:44.943135;Appareil_002;ROUGE;ORANGE;RSSI;-64.0;dBm
2026-07-23T00:48:45.106320;Appareil_001;ORANGE;ROUGE;RSSI;-52.0;dBm
2026-07-23T00:48:45.211643;Appareil_001;ROUGE;ORANGE;RSSI;-67.0;dBm
2026-07-23T00:48:45.283519;Appareil_001;ORANGE;ROUGE;RSSI;-54.0;dBm
2026-07-23T00:48:45.333695;Appareil_001;ROUGE;ORANGE;RSSI;-67.0;dBm
2026-07-23T00:48:45.382951;Appareil_002;ORANGE;ROUGE;RSSI;-53.0;dBm
2026-07-23T00:48:45.473124;Appareil_002;ROUGE;ORANGE;RSSI;-66.0;dBm
2026-07-23T00:48:45.628067;Appareil_001;ORANGE;ROUGE;RSSI;-53.0;dBm
2026-07-23T00:48:45.730626;Appareil_001;ROUGE;ORANGE;RSSI;-65.0;dBm
2026-07-23T00:48:45.822639;Appareil_002;ORANGE;ROUGE;RSSI;-53.0;dBm
2026-07-23T00:48:45.912500;Appareil_002;ROUGE;ORANGE;RSSI;-65.0;dBm
2026-07-23T00:48:45.961383;Appareil_001;ORANGE;ROUGE;RSSI;-53.0;dBm
2026-07-23T00:48:46.053223;Appareil_001;ROUGE;ORANGE;RSSI;-65.0;dBm
2026-07-23T00:48:46.099491;Appareil_001;ORANGE;ROUGE;RSSI;-53.0;dBm
2026-07-23T00:48:46.190173;Appareil_001;ROUGE;ORANGE;RSSI;-66.0;dBm
2026-07-23T00:48:46.236851;Appareil_002;ORANGE;ROUGE;RSSI;-53.0;dBm
2026-07-23T00:48:46.328965;Appareil_002;ROUGE;ORANGE;RSSI;-66.0;dBm
2026-07-23T00:48:46.377290;Appareil_001;ORANGE;ROUGE;RSSI;-55.0;dBm
2026-07-23T00:48:46.426576;Appareil_001;ROUGE;ORANGE;RSSI;-70.0;dBm
2026-07-23T00:48:46.477811;Appareil_001;ORANGE;ROUGE;RSSI;-55.0;dBm
2026-07-23T00:48:46.529055;Appareil_001;ROUGE;ORANGE;RSSI;-70.0;dBm
2026-07-23T00:48:46.579120;Appareil_002;ORANGE;ROUGE;RSSI;-53.0;dBm
2026-07-23T00:48:46.675179;Appareil_002;ROUGE;VERT;RSSI;-72.0;dBm
2026-07-23T00:48:46.917196;Appareil_001;ORANGE;VERT;RSSI;-72.0;dBm
2026-07-23T00:48:46.966924;Appareil_001;VERT;ROUGE;RSSI;-55.0;dBm
2026-07-23T00:48:47.015493;Appareil_001;ROUGE;ORANGE;RSSI;-59.0;dBm
2026-07-23T00:48:47.065452;Appareil_001;ORANGE;VERT;RSSI;-71.0;dBm
2026-07-23T00:48:47.115426;Appareil_002;VERT;ROUGE;RSSI;-55.0;dBm
2026-07-23T00:48:47.166026;Appareil_002;ROUGE;ORANGE;RSSI;-59.0;dBm
2026-07-23T00:48:47.465027;Appareil_001;VERT;ORANGE;RSSI;-56.0;dBm
2026-07-23T00:48:49.075904;Appareil_001;ORANGE;ROUGE;RSSI;-55.0;dBm
2026-07-23T00:48:49.126856;Appareil_001;ROUGE;VERT;RSSI;-75.0;dBm
2026-07-23T00:48:49.176860;Appareil_002;ORANGE;ROUGE;RSSI;-53.0;dBm
2026-07-23T00:48:49.428688;Appareil_001;VERT;ROUGE;RSSI;-50.0;dBm
2026-07-23T00:48:49.903284;Appareil_001;ROUGE;ORANGE;RSSI;-59.0;dBm
2026-07-23T00:48:50.141421;Appareil_001;ORANGE;ROUGE;RSSI;-55.0;dBm
2026-07-23T00:48:50.220254;Appareil_001;ROUGE;ORANGE;RSSI;-58.0;dBm
2026-07-23T00:48:50.522520;Appareil_002;ROUGE;ORANGE;RSSI;-66.0;dBm
2026-07-23T00:48:50.573973;Appareil_002;ORANGE;VERT;RSSI;-71.0;dBm
2026-07-23T00:48:50.625993;Appareil_002;VERT;ORANGE;RSSI;-65.0;dBm
2026-07-23T00:48:50.827984;Appareil_001;ORANGE;VERT;RSSI;-73.0;dBm
2026-07-23T00:48:50.878613;Appareil_001;VERT;ORANGE;RSSI;-68.0;dBm
2026-07-23T00:48:50.929711;Appareil_013;INITIAL;VERT;RSSI;-75.0;dBm
2026-07-23T00:48:50.982532;Appareil_001;ORANGE;VERT;RSSI;-72.0;dBm
2026-07-23T00:48:51.085616;Appareil_001;VERT;ORANGE;RSSI;-68.0;dBm
2026-07-23T00:48:51.537810;Appareil_001;ORANGE;VERT;RSSI;-71.0;dBm
2026-07-23T00:48:51.591209;Appareil_001;VERT;ORANGE;RSSI;-64.0;dBm
2026-07-23T00:48:51.688366;Appareil_002;ORANGE;VERT;RSSI;-71.0;dBm
2026-07-23T00:48:51.737906;Appareil_002;VERT;ORANGE;RSSI;-64.0;dBm
2026-07-23T00:48:52.095502;Appareil_001;ORANGE;VERT;RSSI;-72.0;dBm
2026-07-23T00:48:52.248981;Appareil_002;ORANGE;VERT;RSSI;-72.0;dBm
2026-07-23T00:48:52.347554;Appareil_001;VERT;ORANGE;RSSI;-68.0;dBm
2026-07-23T00:48:52.399502;Appareil_001;ORANGE;VERT;RSSI;-71.0;dBm
2026-07-23T00:48:52.452303;Appareil_001;VERT;ORANGE;RSSI;-67.0;dBm
2026-07-23T00:48:52.651289;Appareil_002;VERT;ORANGE;RSSI;-68.0;dBm
2026-07-23T00:48:52.758760;Appareil_002;ORANGE;VERT;RSSI;-71.0;dBm
2026-07-23T00:48:52.903024;Appareil_001;ORANGE;VERT;RSSI;-73.0;dBm
2026-07-23T00:48:53.004555;Appareil_002;VERT;ORANGE;RSSI;-69.0;dBm
2026-07-23T00:48:53.057333;Appareil_002;ORANGE;VERT;RSSI;-72.0;dBm
2026-07-23T00:48:53.179345;Appareil_001;VERT;ORANGE;RSSI;-70.0;dBm
2026-07-23T00:48:53.267797;Appareil_001;ORANGE;VERT;RSSI;-73.0;dBm
2026-07-23T00:48:53.367743;Appareil_001;VERT;ORANGE;RSSI;-68.0;dBm
2026-07-23T00:48:53.470790;Appareil_002;VERT;ORANGE;RSSI;-69.0;dBm
2026-07-23T00:48:53.578375;Appareil_002;ORANGE;VERT;RSSI;-72.0;dBm
2026-07-23T00:48:53.740039;Appareil_001;ORANGE;VERT;RSSI;-72.0;dBm
2026-07-23T00:48:53.847040;Appareil_001;VERT;ORANGE;RSSI;-66.0;dBm
2026-07-23T00:48:53.901116;Appareil_001;ORANGE;VERT;RSSI;-84.0;dBm
2026-07-23T00:48:54.004202;Appareil_002;VERT;ORANGE;RSSI;-68.0;dBm
2026-07-23T00:48:54.108827;Appareil_001;VERT;ORANGE;RSSI;-69.0;dBm
2026-07-23T00:48:54.304517;Appareil_002;ORANGE;VERT;RSSI;-89.0;dBm
2026-07-23T00:48:54.599149;Appareil_001;ORANGE;VERT;RSSI;-80.0;dBm
2026-07-23T00:48:54.945792;Appareil_001;VERT;ORANGE;RSSI;-69.0;dBm
2026-07-23T00:48:55.569065;Appareil_002;VERT;ORANGE;RSSI;-70.0;dBm
2026-07-23T00:48:55.831484;Appareil_001;ORANGE;VERT;RSSI;-72.0;dBm
2026-07-23T00:48:56.602105;Appareil_001;VERT;ORANGE;RSSI;-69.0;dBm
2026-07-23T00:48:56.682964;Appareil_002;ORANGE;VERT;RSSI;-73.0;dBm
2026-07-23T00:48:57.150870;Appareil_001;ORANGE;VERT;RSSI;-82.0;dBm
2026-07-23T00:48:57.929989;Appareil_001;VERT;ORANGE;RSSI;-69.0;dBm
2026-07-23T00:48:58.175368;Appareil_001;ORANGE;VERT;RSSI;-72.0;dBm
2026-07-23T00:48:58.242949;Appareil_002;VERT;ORANGE;RSSI;-66.0;dBm
2026-07-23T00:48:58.408898;Appareil_002;ORANGE;VERT;RSSI;-71.0;dBm
2026-07-23T00:48:58.671942;Appareil_001;VERT;ORANGE;RSSI;-67.0;dBm
2026-07-23T00:48:58.745386;Appareil_001;ORANGE;VERT;RSSI;-72.0;dBm
2026-07-23T00:48:58.801118;Appareil_001;VERT;ORANGE;RSSI;-67.0;dBm
2026-07-23T00:48:58.856078;Appareil_001;ORANGE;VERT;RSSI;-73.0;dBm
2026-07-23T00:48:58.934512;Appareil_001;VERT;ORANGE;RSSI;-68.0;dBm
2026-07-23T00:48:58.987644;Appareil_002;VERT;ORANGE;RSSI;-67.0;dBm
2026-07-23T00:48:59.041700;Appareil_002;ORANGE;VERT;RSSI;-72.0;dBm
2026-07-23T00:48:59.096019;Appareil_002;VERT;ORANGE;RSSI;-68.0;dBm
2026-07-23T00:48:59.363928;Appareil_002;ORANGE;VERT;RSSI;-77.0;dBm
2026-07-23T00:48:59.575194;Appareil_001;ORANGE;VERT;RSSI;-74.0;dBm
2026-07-23T00:48:59.681176;Appareil_001;VERT;ORANGE;RSSI;-70.0;dBm
2026-07-23T00:48:59.737379;Appareil_001;ORANGE;VERT;RSSI;-74.0;dBm
2026-07-23T00:48:59.845717;Appareil_002;VERT;ORANGE;RSSI;-68.0;dBm
2026-07-23T00:48:59.908999;Appareil_002;ORANGE;VERT;RSSI;-74.0;dBm
2026-07-23T00:49:00.008860;Appareil_001;VERT;ORANGE;RSSI;-66.0;dBm
2026-07-23T00:49:00.331833;Appareil_002;VERT;ORANGE;RSSI;-64.0;dBm
2026-07-23T00:49:00.489927;Appareil_001;ORANGE;ROUGE;RSSI;-54.0;dBm
2026-07-23T00:49:00.757330;Appareil_001;ROUGE;ORANGE;RSSI;-56.0;dBm
2026-07-23T00:49:00.970618;Appareil_001;ORANGE;ROUGE;RSSI;-54.0;dBm
2026-07-23T00:49:01.239264;Appareil_002;ORANGE;ROUGE;RSSI;-54.0;dBm
2026-07-23T00:49:01.351982;Appareil_001;ROUGE;ORANGE;RSSI;-57.0;dBm
2026-07-23T00:49:01.662468;Appareil_002;ROUGE;ORANGE;RSSI;-57.0;dBm
2026-07-23T00:49:01.985135;Appareil_002;ORANGE;VERT;RSSI;-81.0;dBm
2026-07-23T00:49:02.042112;Appareil_002;VERT;ORANGE;RSSI;-61.0;dBm
2026-07-23T00:49:02.152773;Appareil_001;ORANGE;VERT;RSSI;-75.0;dBm
2026-07-23T00:49:02.208240;Appareil_001;VERT;ORANGE;RSSI;-61.0;dBm
2026-07-23T00:49:02.317306;Appareil_001;ORANGE;VERT;RSSI;-73.0;dBm
2026-07-23T00:49:02.374747;Appareil_001;VERT;ORANGE;RSSI;-61.0;dBm
2026-07-23T00:49:02.431614;Appareil_002;ORANGE;VERT;RSSI;-75.0;dBm
2026-07-23T00:49:03.199817;Appareil_002;VERT;ORANGE;RSSI;-64.0;dBm
2026-07-23T00:49:05.266359;Appareil_002;ORANGE;VERT;RSSI;-71.0;dBm
2026-07-23T00:49:05.323472;Appareil_002;VERT;ORANGE;RSSI;-62.0;dBm
2026-07-23T00:49:05.439417;Appareil_001;ORANGE;VERT;RSSI;-77.0;dBm
2026-07-23T00:49:05.497657;Appareil_001;VERT;ORANGE;RSSI;-60.0;dBm
2026-07-23T00:49:05.553339;Appareil_001;ORANGE;ROUGE;RSSI;-55.0;dBm
2026-07-23T00:49:05.612676;Appareil_001;ROUGE;VERT;RSSI;-75.0;dBm
2026-07-23T00:49:05.672235;Appareil_001;VERT;ORANGE;RSSI;-60.0;dBm
2026-07-23T00:49:05.731217;Appareil_001;ORANGE;ROUGE;RSSI;-55.0;dBm
2026-07-23T00:49:05.790455;Appareil_002;ORANGE;ROUGE;RSSI;-55.0;dBm
2026-07-23T00:49:05.879377;Appareil_001;ROUGE;VERT;RSSI;-72.0;dBm
2026-07-23T00:49:05.962136;Appareil_001;VERT;ORANGE;RSSI;-59.0;dBm
2026-07-23T00:49:06.021337;Appareil_001;ORANGE;ROUGE;RSSI;-55.0;dBm
2026-07-23T00:49:06.080226;Appareil_001;ROUGE;ORANGE;RSSI;-70.0;dBm
2026-07-23T00:49:06.247641;Appareil_001;ORANGE;ROUGE;RSSI;-55.0;dBm
2026-07-23T00:49:06.303984;Appareil_001;ROUGE;ORANGE;RSSI;-70.0;dBm
2026-07-23T00:49:06.419435;Appareil_001;ORANGE;ROUGE;RSSI;-55.0;dBm
2026-07-23T00:49:06.478690;Appareil_001;ROUGE;ORANGE;RSSI;-70.0;dBm
2026-07-23T00:49:06.607483;Appareil_001;ORANGE;ROUGE;RSSI;-55.0;dBm
2026-07-23T00:49:06.665799;Appareil_002;ROUGE;VERT;RSSI;-71.0;dBm
2026-07-23T00:49:06.725752;Appareil_002;VERT;ORANGE;RSSI;-58.0;dBm
2026-07-23T00:49:06.827710;Appareil_002;ORANGE;ROUGE;RSSI;-55.0;dBm
2026-07-23T00:49:06.896120;Appareil_001;ROUGE;ORANGE;RSSI;-70.0;dBm
2026-07-23T00:49:07.011404;Appareil_001;ORANGE;ROUGE;RSSI;-55.0;dBm
2026-07-23T00:49:07.070339;Appareil_001;ROUGE;ORANGE;RSSI;-70.0;dBm
2026-07-23T00:49:07.184475;Appareil_001;ORANGE;ROUGE;RSSI;-55.0;dBm
2026-07-23T00:49:07.244117;Appareil_002;ROUGE;ORANGE;RSSI;-67.0;dBm
2026-07-23T00:49:07.360418;Appareil_002;ORANGE;ROUGE;RSSI;-55.0;dBm
2026-07-23T00:49:07.419197;Appareil_001;ROUGE;ORANGE;RSSI;-64.0;dBm
2026-07-23T00:49:07.476841;Appareil_001;ORANGE;ROUGE;RSSI;-55.0;dBm
2026-07-23T00:49:07.623606;Appareil_002;ROUGE;ORANGE;RSSI;-63.0;dBm
2026-07-23T00:49:07.704686;Appareil_002;ORANGE;ROUGE;RSSI;-55.0;dBm
2026-07-23T00:49:07.819350;Appareil_001;ROUGE;ORANGE;RSSI;-63.0;dBm
2026-07-23T00:49:07.876227;Appareil_001;ORANGE;ROUGE;RSSI;-55.0;dBm
2026-07-23T00:49:08.108907;Appareil_001;ROUGE;ORANGE;RSSI;-59.0;dBm
2026-07-23T00:49:08.168941;Appareil_001;ORANGE;ROUGE;RSSI;-53.0;dBm
2026-07-23T00:49:08.284081;Appareil_001;ROUGE;ORANGE;RSSI;-58.0;dBm
2026-07-23T00:49:08.392299;Appareil_001;ORANGE;ROUGE;RSSI;-53.0;dBm
2026-07-23T00:49:08.798403;Appareil_001;ROUGE;ORANGE;RSSI;-58.0;dBm
2026-07-23T00:49:08.854671;Appareil_001;ORANGE;ROUGE;RSSI;-55.0;dBm
2026-07-23T00:49:08.965911;Appareil_001;ROUGE;ORANGE;RSSI;-62.0;dBm
2026-07-23T00:49:09.364559;Appareil_002;ROUGE;VERT;RSSI;-71.0;dBm
2026-07-23T00:49:09.444611;Appareil_002;VERT;ORANGE;RSSI;-57.0;dBm
2026-07-23T00:49:09.668271;Appareil_001;ORANGE;ROUGE;RSSI;-53.0;dBm
2026-07-23T00:49:09.749260;Appareil_001;ROUGE;ORANGE;RSSI;-58.0;dBm
2026-07-23T00:49:09.806246;Appareil_001;ORANGE;ROUGE;RSSI;-53.0;dBm
2026-07-23T00:49:09.975421;Appareil_002;ORANGE;ROUGE;RSSI;-53.0;dBm
2026-07-23T00:49:10.035911;Appareil_001;ROUGE;ORANGE;RSSI;-70.0;dBm
2026-07-23T00:49:10.150682;Appareil_001;ORANGE;ROUGE;RSSI;-52.0;dBm
2026-07-23T00:49:10.210006;Appareil_001;ROUGE;ORANGE;RSSI;-57.0;dBm
2026-07-23T00:49:10.270879;Appareil_001;ORANGE;ROUGE;RSSI;-52.0;dBm
2026-07-23T00:49:10.331356;Appareil_002;ROUGE;ORANGE;RSSI;-68.0;dBm
2026-07-23T00:49:10.462027;Appareil_002;ORANGE;ROUGE;RSSI;-52.0;dBm
2026-07-23T00:49:10.532894;Appareil_001;ROUGE;ORANGE;RSSI;-57.0;dBm
2026-07-23T00:49:10.594569;Appareil_001;ORANGE;ROUGE;RSSI;-52.0;dBm
2026-07-23T00:49:10.654874;Appareil_001;ROUGE;ORANGE;RSSI;-57.0;dBm
2026-07-23T00:49:10.714335;Appareil_001;ORANGE;ROUGE;RSSI;-52.0;dBm
2026-07-23T00:49:10.774459;Appareil_002;ROUGE;ORANGE;RSSI;-66.0;dBm
2026-07-23T00:49:10.895648;Appareil_002;ORANGE;ROUGE;RSSI;-53.0;dBm
2026-07-23T00:49:10.956959;Appareil_001;ROUGE;ORANGE;RSSI;-68.0;dBm
2026-07-23T00:49:11.074171;Appareil_001;ORANGE;ROUGE;RSSI;-53.0;dBm
2026-07-23T00:49:11.134116;Appareil_001;ROUGE;ORANGE;RSSI;-57.0;dBm
2026-07-23T00:49:11.195453;Appareil_001;ORANGE;ROUGE;RSSI;-53.0;dBm
2026-07-23T00:49:11.257987;Appareil_002;ROUGE;ORANGE;RSSI;-66.0;dBm
2026-07-23T00:49:11.377875;Appareil_002;ORANGE;ROUGE;RSSI;-53.0;dBm
2026-07-23T00:49:11.438898;Appareil_001;ROUGE;ORANGE;RSSI;-58.0;dBm
2026-07-23T00:49:11.498541;Appareil_001;ORANGE;ROUGE;RSSI;-53.0;dBm
2026-07-23T00:49:11.559674;Appareil_001;ROUGE;ORANGE;RSSI;-67.0;dBm
2026-07-23T00:49:11.710613;Appareil_001;ORANGE;ROUGE;RSSI;-53.0;dBm
2026-07-23T00:49:11.795233;Appareil_002;ROUGE;ORANGE;RSSI;-66.0;dBm
2026-07-23T00:49:11.915787;Appareil_002;ORANGE;ROUGE;RSSI;-53.0;dBm
2026-07-23T00:49:11.994113;Appareil_001;ROUGE;ORANGE;RSSI;-58.0;dBm
2026-07-23T00:49:12.065464;Appareil_001;ORANGE;ROUGE;RSSI;-53.0;dBm
2026-07-23T00:49:12.126997;Appareil_001;ROUGE;ORANGE;RSSI;-65.0;dBm
2026-07-23T00:49:12.248140;Appareil_001;ORANGE;ROUGE;RSSI;-53.0;dBm
2026-07-23T00:49:12.331945;Appareil_002;ROUGE;ORANGE;RSSI;-66.0;dBm
2026-07-23T00:49:12.456211;Appareil_002;ORANGE;ROUGE;RSSI;-53.0;dBm
2026-07-23T00:49:12.526569;Appareil_001;ROUGE;ORANGE;RSSI;-60.0;dBm
2026-07-23T00:49:12.588795;Appareil_001;ORANGE;ROUGE;RSSI;-53.0;dBm
2026-07-23T00:49:12.652126;Appareil_002;ROUGE;ORANGE;RSSI;-66.0;dBm
2026-07-23T00:49:12.780192;Appareil_002;ORANGE;ROUGE;RSSI;-54.0;dBm
2026-07-23T00:49:12.862731;Appareil_001;ROUGE;ORANGE;RSSI;-66.0;dBm
2026-07-23T00:49:12.984817;Appareil_001;ORANGE;ROUGE;RSSI;-55.0;dBm
2026-07-23T00:49:13.063280;Appareil_001;ROUGE;ORANGE;RSSI;-65.0;dBm
2026-07-23T00:49:13.193088;Appareil_001;ORANGE;ROUGE;RSSI;-55.0;dBm
2026-07-23T00:49:13.301046;Appareil_002;ROUGE;ORANGE;RSSI;-64.0;dBm
2026-07-23T00:49:13.614805;Appareil_001;ROUGE;ORANGE;RSSI;-57.0;dBm
2026-07-23T00:49:13.689679;Appareil_001;ORANGE;ROUGE;RSSI;-54.0;dBm
2026-07-23T00:49:13.870989;Appareil_002;ORANGE;ROUGE;RSSI;-54.0;dBm
2026-07-23T00:49:14.164555;Appareil_001;ROUGE;ORANGE;RSSI;-56.0;dBm
2026-07-23T00:49:14.226295;Appareil_001;ORANGE;ROUGE;RSSI;-53.0;dBm
2026-07-23T00:49:14.342597;Appareil_002;ROUGE;ORANGE;RSSI;-57.0;dBm
2026-07-23T00:49:14.403676;Appareil_002;ORANGE;ROUGE;RSSI;-54.0;dBm
2026-07-23T00:49:14.523909;Appareil_001;ROUGE;ORANGE;RSSI;-62.0;dBm
2026-07-23T00:49:14.825377;Appareil_002;ROUGE;ORANGE;RSSI;-64.0;dBm
2026-07-23T00:49:16.021597;Appareil_002;ORANGE;VERT;RSSI;-77.0;dBm
2026-07-23T00:49:16.083411;Appareil_001;ORANGE;VERT;RSSI;-80.0;dBm
2026-07-23T00:49:16.146065;Appareil_001;VERT;ORANGE;RSSI;-69.0;dBm
2026-07-23T00:49:16.270704;Appareil_001;ORANGE;VERT;RSSI;-77.0;dBm
2026-07-23T00:49:16.390294;Appareil_001;VERT;ORANGE;RSSI;-64.0;dBm
2026-07-23T00:49:16.519154;Appareil_001;ORANGE;VERT;RSSI;-72.0;dBm
2026-07-23T00:49:16.644535;Appareil_002;VERT;ORANGE;RSSI;-66.0;dBm
2026-07-23T00:49:16.707885;Appareil_001;VERT;ORANGE;RSSI;-69.0;dBm
2026-07-23T00:49:16.769826;Appareil_001;ORANGE;VERT;RSSI;-71.0;dBm
2026-07-23T00:49:17.012806;Appareil_002;ORANGE;VERT;RSSI;-78.0;dBm
2026-07-23T00:49:17.077184;Appareil_001;VERT;ORANGE;RSSI;-69.0;dBm
2026-07-23T00:49:17.141734;Appareil_001;ORANGE;VERT;RSSI;-73.0;dBm
2026-07-23T00:49:17.204553;Appareil_001;VERT;ORANGE;RSSI;-67.0;dBm
2026-07-23T00:49:17.266554;Appareil_001;ORANGE;VERT;RSSI;-75.0;dBm
2026-07-23T00:49:17.389584;Appareil_002;VERT;ORANGE;RSSI;-68.0;dBm
2026-07-23T00:49:17.530226;Appareil_014;INITIAL;VERT;RSSI;-72.0;dBm
2026-07-23T00:49:17.609593;Appareil_001;VERT;ORANGE;RSSI;-67.0;dBm
2026-07-23T00:49:17.733247;Appareil_001;ORANGE;VERT;RSSI;-71.0;dBm
2026-07-23T00:49:17.810924;Appareil_001;VERT;ORANGE;RSSI;-68.0;dBm
2026-07-23T00:49:17.914630;Appareil_001;ORANGE;VERT;RSSI;-71.0;dBm
2026-07-23T00:49:17.977231;Appareil_015;INITIAL;ORANGE;RSSI;-70.0;dBm
2026-07-23T00:49:18.298004;Appareil_002;ORANGE;VERT;RSSI;-74.0;dBm
2026-07-23T00:49:18.365649;Appareil_001;VERT;ORANGE;RSSI;-69.0;dBm
2026-07-23T00:49:18.432839;Appareil_001;ORANGE;VERT;RSSI;-72.0;dBm
2026-07-23T00:49:18.508443;Appareil_001;VERT;ORANGE;RSSI;-70.0;dBm
2026-07-23T00:49:18.595445;Appareil_001;ORANGE;VERT;RSSI;-71.0;dBm
2026-07-23T00:49:18.665810;Appareil_002;VERT;ORANGE;RSSI;-69.0;dBm
2026-07-23T00:49:18.808845;Appareil_002;ORANGE;VERT;RSSI;-72.0;dBm
2026-07-23T00:49:18.876518;Appareil_001;VERT;ORANGE;RSSI;-70.0;dBm
2026-07-23T00:49:19.009095;Appareil_001;ORANGE;VERT;RSSI;-72.0;dBm
2026-07-23T00:49:19.128393;Appareil_001;VERT;ORANGE;RSSI;-68.0;dBm
2026-07-23T00:49:19.192145;Appareil_001;ORANGE;VERT;RSSI;-72.0;dBm
2026-07-23T00:49:19.258743;Appareil_002;VERT;ORANGE;RSSI;-68.0;dBm
2026-07-23T00:49:19.390699;Appareil_002;ORANGE;VERT;RSSI;-72.0;dBm
2026-07-23T00:49:20.039667;Appareil_001;VERT;ORANGE;RSSI;-70.0;dBm
2026-07-23T00:49:20.106588;Appareil_001;ORANGE;VERT;RSSI;-71.0;dBm
2026-07-23T00:49:22.678370;Appareil_001;VERT;ORANGE;RSSI;-68.0;dBm
2026-07-23T00:49:22.812168;Appareil_001;ORANGE;VERT;RSSI;-76.0;dBm
2026-07-23T00:49:23.749741;Appareil_002;VERT;ORANGE;RSSI;-70.0;dBm
2026-07-23T00:49:24.001802;Appareil_001;VERT;ORANGE;RSSI;-70.0;dBm
2026-07-23T00:49:24.068936;Appareil_001;ORANGE;VERT;RSSI;-81.0;dBm
2026-07-23T00:49:24.137123;Appareil_002;ORANGE;VERT;RSSI;-72.0;dBm
2026-07-23T00:49:24.457168;Appareil_001;VERT;ORANGE;RSSI;-70.0;dBm
2026-07-23T00:49:24.690228;Appareil_001;ORANGE;VERT;RSSI;-76.0;dBm
2026-07-23T00:49:24.805194;Appareil_001;VERT;ORANGE;RSSI;-70.0;dBm
2026-07-23T00:49:24.976481;Appareil_002;VERT;ORANGE;RSSI;-70.0;dBm
2026-07-23T00:49:25.046882;Appareil_002;ORANGE;VERT;RSSI;-80.0;dBm
2026-07-23T00:49:25.250797;Appareil_001;ORANGE;VERT;RSSI;-80.0;dBm
2026-07-23T00:49:25.651919;Appareil_001;VERT;ORANGE;RSSI;-70.0;dBm
2026-07-23T00:49:25.790865;Appareil_002;VERT;ORANGE;RSSI;-70.0;dBm
2026-07-23T00:49:25.932393;Appareil_001;ORANGE;VERT;RSSI;-81.0;dBm
2026-07-23T00:49:26.208189;Appareil_002;ORANGE;VERT;RSSI;-80.0;dBm
2026-07-23T00:49:26.418501;Appareil_001;VERT;ORANGE;RSSI;-70.0;dBm
2026-07-23T00:49:26.605454;Appareil_001;ORANGE;VERT;RSSI;-80.0;dBm
2026-07-23T00:49:26.844232;Appareil_002;VERT;ORANGE;RSSI;-70.0;dBm
2026-07-23T00:49:26.981594;Appareil_016;INITIAL;VERT;RSSI;-77.0;dBm
2026-07-23T00:49:27.052437;Appareil_001;VERT;ORANGE;RSSI;-70.0;dBm
2026-07-23T00:49:27.141573;Appareil_001;ORANGE;VERT;RSSI;-80.0;dBm
2026-07-23T00:49:27.743839;Appareil_002;ORANGE;VERT;RSSI;-78.0;dBm
